Date,Open,Max,Min,Close
2008-08-21,3150,3220,3081,3188
2008-08-22,3240,3250,3200,3237
2008-08-25,3109,3166,3035,3166
2008-08-26,3181,3188,3127,3145
2008-08-27,3103,3207,3103,3195
2008-08-28,3165,3201,3164,3195
2008-08-29,3250,3254,3182,3210
2008-09-01,3163,3230,3163,3225
2008-09-02,3171,3198,3107,3110
2008-09-03,2999,3088,2978,3020
2008-09-04,3068,3119,3035,3114
2008-09-05,3090,3128,3041,3081
2008-09-08,3140,3140,3080,3112
2008-09-09,3120,3125,3040,3066
2008-09-10,3025,3055,2901,2940
2008-09-11,2950,2960,2810,2810
2008-09-12,2813,2839,2669,2717
2008-09-16,2730,2756,2602,2680
2008-09-17,2642,2711,2600,2709
2008-09-18,2750,2853,2706,2853
2008-09-19,3044,3044,2925,2939
2008-09-22,3000,3027,2952,3018
2008-09-23,3035,3200,3035,3140
2008-09-24,3150,3198,3110,3132
2008-09-25,3185,3190,3081,3141
2008-09-26,3116,3162,3073,3110
2008-10-06,2804,2804,2804,2804
2008-10-07,2808,2841,2776,2824
2008-10-08,2877,2895,2815,2880
2008-10-09,2921,2938,2858,2869
2008-10-10,2861,3000,2853,2982
2008-10-13,2731,2731,2731,2731
2008-10-14,2665,2738,2630,2691
2008-10-15,2699,2720,2655,2703
2008-10-16,2650,2695,2603,2615
2008-10-17,2630,2635,2470,2503
2008-10-20,2518,2518,2463,2480
2008-10-21,2456,2514,2426,2444
2008-10-22,2388,2499,2388,2437
2008-10-23,2420,2466,2338,2355
2008-10-24,2330,2412,2310,2345
2008-10-27,2385,2415,2315,2316
2008-10-28,2305,2358,2297,2354
2008-10-29,2340,2347,2308,2325
2008-10-30,2395,2450,2356,2439
2008-10-31,2401,2426,2338,2347
2008-11-03,2401,2421,2380,2408
2008-11-04,2391,2398,2362,2374
2008-11-05,2417,2445,2392,2430
2008-11-06,2435,2445,2408,2410
2008-11-07,2420,2440,2390,2405
2008-11-10,2413,2425,2410,2422
2008-11-11,2425,2435,2410,2418
2008-11-12,2398,2400,2365,2380
2008-11-13,2350,2360,2215,2259
2008-11-14,2279,2297,2215,2290
2008-11-17,2325,2325,2300,2325
2008-11-18,2313,2323,2273,2291
2008-11-19,2281,2320,2278,2313
2008-11-20,2300,2345,2280,2297
2008-11-21,2312,2313,2237,2266
2008-11-24,2349,2349,2295,2303
2008-11-25,2350,2430,2350,2409
2008-11-26,2389,2433,2381,2403
2008-11-27,2409,2418,2395,2409
2008-11-28,2414,2417,2408,2415
2008-12-01,2405,2410,2396,2399
2008-12-02,2349,2367,2282,2286
2008-12-03,2304,2334,2302,2308
2008-12-04,2300,2317,2280,2302
2008-12-05,2293,2320,2290,2315
2008-12-08,2314,2328,2303,2317
2008-12-09,2330,2390,2318,2365
2008-12-10,2365,2372,2329,2371
2008-12-11,2379,2400,2365,2399
2008-12-12,2420,2440,2367,2374
2008-12-15,2407,2419,2397,2407
2008-12-16,2405,2436,2400,2425
2008-12-17,2426,2510,2418,2491
2008-12-18,2480,2522,2480,2493
2008-12-19,2512,2512,2440,2455
2008-12-22,2460,2469,2459,2467
2008-12-23,2450,2473,2440,2447
2008-12-24,2440,2441,2378,2387
2008-12-25,2387,2393,2360,2392
2008-12-26,2385,2398,2375,2396
2008-12-29,2458,2498,2458,2490
2008-12-30,2485,2510,2465,2474
2008-12-31,2444,2482,2443,2469
2009-01-05,2526,2545,2516,2523
2009-01-06,2465,2480,2440,2449
2009-01-07,2450,2500,2450,2489
2009-01-08,2494,2505,2455,2468
2009-01-09,2465,2481,2455,2479
2009-01-12,2479,2479,2467,2468
2009-01-13,2460,2465,2420,2422
2009-01-14,2421,2444,2420,2440
2009-01-15,2420,2439,2409,2416
2009-01-16,2415,2437,2411,2433
2009-01-19,2475,2475,2464,2468
2009-01-20,2462,2464,2442,2443
2009-01-21,2474,2482,2461,2470
2009-01-22,2473,2480,2463,2475
2009-01-23,2475,2488,2465,2484
2009-02-02,2718,2718,2651,2672
2009-02-03,2660,2677,2658,2674
2009-02-04,2670,2684,2661,2679
2009-02-05,2668,2703,2668,2691
2009-02-06,2725,2785,2720,2783
2009-02-09,2770,2800,2770,2778
2009-02-10,2785,2794,2758,2763
2009-02-11,2785,2839,2782,2839
2009-02-12,2870,3003,2861,3003
2009-02-13,2965,2997,2945,2974
2009-02-16,2970,2993,2966,2991
2009-02-17,2985,3150,2975,3096
2009-02-18,3101,3239,3084,3230
2009-02-19,3228,3248,3170,3218
2009-02-20,3210,3232,3165,3186
2009-02-23,3260,3266,3221,3223
2009-02-24,3223,3253,3180,3231
2009-02-25,3230,3240,3000,3009
2009-02-26,3010,3080,2980,3014
2009-02-27,2960,2989,2910,2920
2009-03-02,2962,2964,2931,2957
2009-03-03,2942,2953,2860,2864
2009-03-04,2852,2877,2810,2832
2009-03-05,2850,2929,2845,2918
2009-03-06,2918,2997,2887,2989
2009-03-09,2975,2980,2933,2935
2009-03-10,2952,2979,2861,2864
2009-03-11,2841,2860,2800,2832
2009-03-12,2832,2883,2810,2872
2009-03-13,2852,2905,2825,2891
2009-03-16,2905,2905,2887,2899
2009-03-17,2880,2895,2847,2870
2009-03-18,2841,2874,2824,2826
2009-03-19,2820,2890,2730,2879
2009-03-20,2951,3012,2940,3012
2009-03-23,3006,3119,3005,3109
2009-03-24,3048,3099,3005,3012
2009-03-25,2945,2996,2945,2975
2009-03-26,2948,3070,2945,3007
2009-03-27,3060,3065,2990,2991
2009-03-30,2980,2994,2966,2970
2009-03-31,2933,2978,2915,2930
2009-04-01,2948,2948,2877,2900
2009-04-02,2935,2935,2895,2907
2009-04-03,2886,2930,2848,2886
2009-04-07,2760,2772,2745,2770
2009-04-08,2763,2774,2748,2763
2009-04-09,2770,2777,2738,2757
2009-04-10,2739,2777,2735,2776
2009-04-13,2790,2825,2783,2818
2009-04-14,2859,2883,2853,2869
2009-04-15,2860,2875,2842,2857
2009-04-16,2862,2877,2841,2869
2009-04-17,2856,2865,2770,2775
2009-04-20,2683,2757,2683,2756
2009-04-21,2777,2820,2750,2811
2009-04-22,2815,2824,2770,2800
2009-04-23,2800,2842,2788,2832
2009-04-24,2840,2907,2819,2904
2009-04-27,2945,2950,2921,2930
2009-04-28,2890,2928,2861,2871
2009-04-29,2825,2871,2823,2866
2009-04-30,2880,2890,2864,2881
2009-05-04,2830,2890,2830,2889
2009-05-05,2870,2949,2867,2927
2009-05-06,3020,3020,2955,2973
2009-05-07,3000,3048,2996,3034
2009-05-08,3068,3068,2998,3023
2009-05-11,3024,3038,3024,3027
2009-05-12,3005,3030,3005,3022
2009-05-13,3045,3102,3045,3080
2009-05-14,3045,3075,3006,3016
2009-05-15,3032,3056,3026,3044
2009-05-18,3036,3054,3027,3048
2009-05-19,3032,3043,2990,3009
2009-05-20,3024,3060,3016,3058
2009-05-21,3055,3105,3055,3090
2009-05-22,3076,3115,3064,3113
2009-05-25,3138,3150,3126,3128
2009-05-26,3143,3158,3128,3134
2009-05-27,3129,3149,3111,3143
2009-06-01,3360,3413,3360,3413
2009-06-02,3385,3435,3362,3368
2009-06-03,3419,3490,3393,3480
2009-06-04,3432,3447,3321,3342
2009-06-05,3358,3440,3358,3426
2009-06-08,3350,3370,3300,3300
2009-06-09,3284,3294,3244,3279
2009-06-10,3328,3336,3285,3332
2009-06-11,3340,3355,3289,3310
2009-06-12,3280,3359,3278,3336
2009-06-15,3230,3260,3210,3216
2009-06-16,3228,3228,3168,3205
2009-06-17,3200,3211,3167,3192
2009-06-18,3188,3219,3173,3216
2009-06-19,3207,3219,3185,3193
2009-06-22,3181,3181,3165,3171
2009-06-23,3101,3136,3101,3127
2009-06-24,3144,3172,3118,3169
2009-06-26,3187,3224,3172,3222
2009-06-29,3200,3200,3175,3197
2009-06-30,3203,3219,3175,3206
2009-07-01,3193,3193,3151,3161
2009-07-02,3185,3188,3169,3174
2009-07-03,3135,3147,3120,3145
2009-07-06,3130,3145,3110,3114
2009-07-07,3097,3124,3097,3109
2009-07-08,3126,3130,3090,3109
2009-07-09,3092,3098,3071,3087
2009-07-10,3087,3100,3076,3085
2009-07-13,3080,3094,3056,3068
2009-07-14,3058,3095,3050,3092
2009-07-15,3100,3115,3088,3110
2009-07-16,3130,3146,3130,3139
2009-07-17,3135,3147,3130,3139
2009-07-20,3144,3207,3144,3204
2009-07-21,3220,3220,3194,3194
2009-07-22,3194,3220,3187,3190
2009-07-23,3182,3221,3179,3219
2009-07-24,3210,3222,3190,3198
2009-07-27,3202,3240,3202,3237
2009-07-28,3244,3246,3225,3236
2009-07-29,3226,3226,3151,3164
2009-07-30,3155,3166,3130,3150
2009-07-31,3162,3190,3144,3171
2009-08-03,3220,3240,3220,3235
2009-08-04,3280,3280,3250,3255
2009-08-05,3270,3298,3265,3287
2009-08-06,3299,3318,3275,3284
2009-08-07,3310,3315,3265,3269
2009-08-10,3265,3277,3261,3271
2009-08-11,3249,3251,3238,3250
2009-08-12,3236,3250,3226,3230
2009-08-13,3231,3293,3231,3292
2009-08-14,3302,3329,3292,3302
2009-08-17,3257,3257,3231,3232
2009-08-18,3178,3219,3171,3215
2009-08-19,3190,3219,3180,3184
2009-08-20,3171,3229,3169,3222
2009-08-21,3210,3215,3195,3206
2009-08-24,3249,3269,3249,3264
2009-08-25,3262,3268,3238,3246
2009-08-26,3266,3269,3249,3264
2009-08-27,3265,3265,3241,3251
2009-08-28,3255,3267,3241,3264
2009-08-31,3305,3315,3275,3278
2009-09-01,3268,3308,3268,3307
2009-09-02,3292,3315,3287,3301
2009-09-03,3311,3366,3305,3362
2009-09-04,3387,3466,3370,3462
2009-09-07,3461,3540,3461,3536
2009-09-08,3540,3762,3536,3700
2009-09-09,3754,3754,3630,3631
2009-09-10,3664,3665,3581,3601
2009-09-11,3597,3720,3574,3680
2009-09-14,3687,3687,3611,3637
2009-09-15,3640,3667,3620,3639
2009-09-16,3627,3798,3627,3794
2009-09-17,3802,3909,3765,3866
2009-09-18,3816,3875,3795,3800
2009-09-21,3750,3750,3560,3672
2009-09-22,3690,3782,3662,3780
2009-09-23,3830,3835,3762,3789
2009-09-24,3765,3817,3680,3745
2009-09-25,3770,3770,3601,3610
2009-09-28,3590,3615,3557,3573
2009-09-29,3595,3628,3580,3606
2009-09-30,3589,3627,3571,3617
2009-10-09,3955,3955,3820,3844
2009-10-12,3870,3879,3847,3854
2009-10-13,3863,3893,3863,3874
2009-10-14,3888,3920,3812,3907
2009-10-15,3880,3900,3865,3872
2009-10-16,3819,3858,3800,3815
2009-10-19,3815,3843,3806,3838
2009-10-20,3830,3905,3815,3872
2009-10-21,3883,3883,3820,3846
2009-10-22,3820,3880,3814,3858
2009-10-23,3841,3874,3835,3862
2009-10-26,3846,3866,3846,3858
2009-10-27,3853,3874,3800,3813
2009-10-28,3810,3819,3760,3776
2009-10-29,3748,3772,3720,3732
2009-10-30,3765,3800,3751,3788
2009-11-02,3773,3773,3756,3762
2009-11-03,3789,3795,3762,3782
2009-11-04,3772,3850,3760,3843
2009-11-05,3860,3892,3848,3851
2009-11-06,3869,3885,3858,3868
2009-11-09,3882,3892,3875,3890
2009-11-10,3893,3895,3839,3850
2009-11-11,3846,3869,3830,3838
2009-11-12,3880,3888,3858,3877
2009-11-13,3880,3888,3858,3877
2009-11-16,3877,3885,3864,3883
2009-11-17,3889,4140,3878,4028
2009-11-18,4001,4064,4001,4057
2009-11-19,4096,4164,4073,4114
2009-11-20,4075,4110,4064,4106
2009-11-23,4178,4190,4150,4189
2009-11-24,4183,4212,4139,4146
2009-11-25,4150,4169,3885,3993
2009-11-26,4180,4196,4158,4160
2009-11-27,4074,4118,4053,4074
2009-11-30,4068,4110,4054,4107
2009-12-01,4068,4110,4054,4107
2009-12-02,4221,4284,4220,4247
2009-12-03,4243,4264,4165,4194
2009-12-04,4051,4097,4051,4065
2009-12-07,4029,4088,4020,4053
2009-12-08,4032,4039,3921,3946
2009-12-09,3960,3997,3900,3930
2009-12-10,3905,3941,3900,3935
2009-12-11,3905,3941,3900,3935
2009-12-14,3887,3920,3886,3908
2009-12-15,3910,3934,3903,3915
2009-12-16,3886,3955,3886,3948
2009-12-17,3969,4020,3950,3980
2009-12-18,3950,3995,3923,3931
2009-12-21,3950,3967,3948,3956
2009-12-22,3964,3970,3910,3921
2009-12-23,4174,4198,4170,4195
2009-12-24,4174,4198,4170,4195
2009-12-25,4174,4198,4170,4195
2009-12-28,4174,4198,4170,4195
2009-12-29,4174,4198,4170,4195
2009-12-30,4174,4198,4170,4195
2009-12-31,4174,4198,4170,4195
2010-01-04,4174,4198,4170,4195
2010-01-05,4174,4198,4170,4195
2010-01-06,4174,4198,4170,4195
2010-01-07,4174,4198,4170,4195
2010-01-08,4174,4198,4170,4195
2010-01-11,4174,4198,4170,4195
2010-01-12,4174,4198,4170,4195
2010-01-13,4174,4198,4170,4195
2010-01-14,4174,4198,4170,4195
2010-01-15,4174,4198,4170,4195
2010-01-18,4174,4198,4170,4195
2010-01-19,4192,4224,4183,4219
2010-01-20,4188,4235,4185,4203
2010-01-21,4200,4205,4126,4140
2010-01-22,4110,4111,3866,4049
2010-01-25,3992,4025,3982,4011
2010-01-26,4000,4020,3980,3980
2010-01-27,3970,3977,3889,3934
2010-01-28,3948,3954,3911,3928
2010-01-29,3947,3950,3880,3891
2010-02-01,3895,3912,3862,3884
2010-02-02,3904,3950,3890,3947
2010-02-03,3960,3979,3945,3978
2010-02-04,3965,3966,3917,3924
2010-02-05,3911,3924,3680,3699
2010-02-08,3700,3734,3699,3721
2010-02-09,3718,3735,3687,3722
2010-02-10,3745,3780,3719,3757
2010-02-11,3754,3759,3691,3749
2010-02-12,3740,3810,3720,3788
2010-02-22,3905,3938,3904,3915
2010-02-23,3913,3925,3883,3912
2010-02-24,3895,3895,3846,3854
2010-02-25,3839,3868,3820,3837
2010-02-26,3816,3879,3816,3878
2010-03-01,3925,3935,3910,3920
2010-03-02,3891,3920,3891,3892
2010-03-03,3933,3977,3922,3969
2010-03-04,3979,4005,3965,3971
2010-03-05,3998,3999,3955,3974
2010-03-08,3992,4008,3975,4007
2010-03-09,4005,4005,3960,3973
2010-03-10,3952,4001,3931,3984
2010-03-11,3997,4007,3943,3943
2010-03-12,3944,3970,3933,3964
2010-03-15,3950,3959,3944,3949
2010-03-16,3953,3963,3938,3960
2010-03-17,3976,4004,3975,3999
2010-03-18,3982,3993,3980,3981
2010-03-19,3983,3996,3975,3982
2010-03-22,3953,3953,3942,3942
2010-03-23,3920,3945,3905,3932
2010-03-24,3923,3952,3923,3931
2010-03-25,3915,3929,3903,3924
2010-03-26,3929,3942,3918,3941
2010-03-29,3955,3964,3943,3961
2010-03-30,3979,3991,3966,3982
2010-03-31,3980,3982,3966,3980
2010-04-01,3985,3998,3985,3994
2010-04-02,4019,4033,4019,4028
2010-04-06,4040,4040,4023,4037
2010-04-07,4030,4055,4030,4051
2010-04-08,4041,4085,4041,4069
2010-04-09,4071,4085,4057,4079
2010-04-12,4130,4147,4130,4133
2010-04-13,4106,4125,4078,4087
2010-04-14,4097,4105,4062,4084
2010-04-15,4119,4119,4096,4097
2010-04-16,4098,4119,4090,4097
2010-04-19,4004,4028,4000,4005
2010-04-20,4015,4040,4008,4037
2010-04-21,4040,4054,4035,4050
2010-04-22,4040,4068,4031,4065
2010-04-23,4039,4057,4032,4052
2010-04-26,4110,4115,4103,4109
2010-04-27,4103,4110,4090,4095
2010-04-28,4080,4115,4070,4086
2010-04-29,4082,4109,4080,4097
2010-04-30,4094,4137,4088,4129
2010-05-04,4161,4166,4151,4152
2010-05-05,4166,4168,4054,4074
2010-05-06,4020,4056,4001,4040
2010-05-07,4043,4087,4035,4086
2010-05-10,4132,4142,4120,4128
2010-05-11,4131,4150,4130,4141
2010-05-12,4206,4296,4206,4295
2010-05-13,4304,4360,4285,4327
2010-05-14,4353,4389,4311,4335
2010-05-17,4316,4340,4310,4314
2010-05-18,4311,4335,4237,4237
2010-05-19,4255,4276,4215,4233
2010-05-20,4215,4234,4111,4129
2010-05-21,4090,4114,4063,4085
2010-05-24,4106,4141,4099,4140
2010-05-25,4130,4148,4085,4092
2010-05-26,4105,4148,4088,4141
2010-05-27,4164,4170,4147,4152
2010-05-28,4136,4189,4136,4167
2010-05-31,4160,4184,4157,4175
2010-06-01,4184,4211,4180,4188
2010-06-02,4202,4225,4185,4190
2010-06-03,4156,4185,4120,4182
2010-06-04,4170,4173,4107,4111
2010-06-07,4055,4081,4049,4070
2010-06-08,4071,4183,4065,4181
2010-06-09,4180,4208,4175,4176
2010-06-10,4174,4180,4130,4134
2010-06-11,4131,4175,4110,4162
2010-06-17,4190,4194,4172,4178
2010-06-18,4213,4257,4213,4243
2010-06-21,4317,4344,4301,4341
2010-06-22,4310,4328,4239,4247
2010-06-23,4249,4278,4249,4268
2010-06-24,4255,4260,4192,4214
2010-06-25,4220,4256,4205,4254
2010-06-28,4311,4318,4293,4293
2010-06-29,4290,4317,4230,4236
2010-06-30,4242,4261,4212,4246
2010-07-01,4236,4255,4220,4229
2010-07-02,4220,4225,4130,4146
2010-07-05,4155,4155,4131,4136
2010-07-06,4126,4132,4113,4123
2010-07-07,4110,4137,4083,4109
2010-07-08,4119,4160,4114,4150
2010-07-09,4142,4152,4120,4143
2010-07-12,4159,4164,4150,4150
2010-07-13,4151,4155,4130,4143
2010-07-14,4184,4195,4165,4176
2010-07-15,4157,4190,4157,4174
2010-07-16,4192,4192,4164,4170
2010-07-19,4125,4142,4124,4131
2010-07-20,4120,4125,4100,4113
2010-07-21,4115,4134,4108,4124
2010-07-22,4135,4135,4107,4115
2010-07-23,4120,4159,4117,4156
2010-07-26,4154,4165,4144,4162
2010-07-27,4163,4164,4140,4153
2010-07-28,4150,4157,4110,4117
2010-07-29,4085,4116,4081,4109
2010-07-30,4105,4115,4096,4110
2010-08-02,4145,4170,4142,4165
2010-08-03,4180,4208,4180,4181
2010-08-04,4195,4204,4177,4192
2010-08-05,4208,4212,4175,4177
2010-08-06,4182,4188,4171,4184
2010-08-09,4199,4199,4188,4196
2010-08-10,4190,4190,4176,4176
2010-08-11,4160,4193,4160,4176
2010-08-12,4183,4187,4150,4167
2010-08-13,4181,4190,4174,4185
2010-08-16,4190,4192,4187,4189
2010-08-17,4206,4207,4193,4203
2010-08-18,4206,4209,4193,4194
2010-08-19,4202,4202,4175,4199
2010-08-20,4202,4208,4182,4190
2010-08-23,4173,4184,4166,4181
2010-08-24,4175,4181,4165,4168
2010-08-25,4159,4199,4155,4192
2010-08-26,4220,4268,4215,4265
2010-08-27,4257,4275,4241,4242
2010-08-30,4256,4267,4256,4265
2010-08-31,4255,4263,4240,4248
2010-09-01,4269,4300,4269,4291
2010-09-02,4290,4299,4280,4298
2010-09-03,4302,4325,4290,4317
2010-09-06,4336,4361,4332,4355
2010-09-07,4356,4363,4340,4343
2010-09-08,4370,4375,4342,4368
2010-09-09,4359,4377,4348,4348
2010-09-10,4349,4366,4330,4333
2010-09-13,4337,4357,4337,4352
2010-09-14,4344,4375,4342,4374
2010-09-15,4382,4404,4372,4396
2010-09-16,4378,4413,4378,4399
2010-09-17,4413,4500,4404,4498
2010-09-20,4492,4589,4490,4580
2010-09-21,4568,4588,4500,4521
2010-09-27,4719,4779,4651,4763
2010-09-28,4747,4777,4680,4684
2010-09-29,4681,4847,4681,4830
2010-09-30,4812,4853,4808,4853
2010-10-08,4906,4949,4873,4925
2010-10-11,5120,5200,5115,5172
2010-10-12,5150,5189,5128,5146
2010-10-13,5178,5207,5133,5197
2010-10-14,5196,5536,5187,5515
2010-10-15,5470,5590,5420,5570
2010-10-18,5380,5447,5320,5397
2010-10-19,5460,5549,5460,5489
2010-10-20,5200,5362,5180,5290
2010-10-21,5273,5335,5226,5293
2010-10-22,5295,5325,5209,5210
2010-10-25,5300,5340,5300,5331
2010-10-26,5344,5350,5300,5312
2010-10-27,5291,5380,5250,5311
2010-10-28,5287,5329,5283,5295
2010-10-29,5340,5340,5312,5332
2010-11-01,5495,5550,5485,5525
2010-11-02,5529,5559,5521,5538
2010-11-03,5560,5560,5527,5534
2010-11-04,5541,5599,5371,5566
2010-11-05,5710,5821,5658,5785
2010-11-08,5895,5950,5895,5936
2010-11-09,5958,6330,5945,6330
2010-11-10,6411,6585,6205,6278
2010-11-11,6270,6373,6200,6300
2010-11-12,6291,6342,6165,6179
2010-11-15,6005,6090,5850,5873
2010-11-16,5873,5888,5725,5731
2010-11-17,5715,5715,5572,5639
2010-11-18,5665,5978,5651,5973
2010-11-19,6100,6180,5955,6138
2010-11-22,6272,6310,6220,6303
2010-11-23,6230,6252,6155,6218
2010-11-24,6100,6238,6100,6209
2010-11-25,6189,6223,6151,6160
2010-11-26,6170,6195,6055,6087
2010-11-29,5911,6025,5906,6002
2010-11-30,5980,6090,5951,6055
2010-12-01,6035,6350,6026,6339
2010-12-02,6439,6450,6300,6392
2010-12-03,6364,6425,6320,6359
2010-12-06,6563,6592,6551,6573
2010-12-07,6593,6638,6555,6618
2010-12-08,6690,6735,6331,6366
2010-12-09,6365,6419,6290,6324
2010-12-10,6311,6392,6311,6375
2010-12-13,6339,6466,6333,6461
2010-12-14,6508,6619,6500,6612
2010-12-15,6615,6616,6450,6469
2010-12-16,6490,6518,6410,6448
2010-12-17,6431,6477,6345,6440
2010-12-20,6515,6563,6510,6540
2010-12-21,6510,6538,6436,6517
2010-12-22,6518,6555,6466,6498
2010-12-23,6483,6518,6475,6488
2010-12-24,6450,6499,6432,6487
2010-12-27,6435,6465,6411,6462
2010-12-28,6430,6516,6430,6496
2010-12-29,6529,6633,6512,6631
2010-12-30,6640,6679,6585,6663
2010-12-31,6660,6670,6605,6646
2011-01-04,6660,6674,6635,6655
2011-01-05,6648,6657,6482,6485
2011-01-06,6439,6483,6364,6460
2011-01-07,6403,6455,6375,6389
2011-01-10,6420,6458,6410,6433
2011-01-11,6403,6466,6403,6461
2011-01-12,6503,6523,6474,6505
2011-01-13,6490,6507,6471,6476
2011-01-14,6475,6505,6388,6399
2011-01-17,6370,6379,6306,6318
2011-01-18,6310,6350,6306,6344
2011-01-19,6390,6424,6365,6419
2011-01-20,6443,6447,6320,6326
2011-01-21,6280,6310,6140,6173
2011-01-24,6241,6275,6240,6253
2011-01-25,6235,6240,6008,6020
2011-01-26,5995,6070,5961,6069
2011-01-27,6033,6198,6013,6126
2011-01-28,6085,6144,5970,6026
2011-01-31,6265,6284,6180,6210
2011-02-01,6181,6258,6161,6253
2011-02-09,6548,6550,6510,6537
2011-02-10,6555,6588,6501,6510
2011-02-11,6480,6536,6456,6531
2011-02-14,6490,6512,6485,6509
2011-02-15,6513,6563,6500,6559
2011-02-16,6601,6630,6585,6613
2011-02-17,6615,6620,6543,6592
2011-02-18,6602,6699,6588,6693
2011-02-21,6961,7010,6925,7005
2011-02-22,7030,7248,7005,7029
2011-02-23,7030,7079,6970,6996
2011-02-24,7045,7171,7030,7143
2011-02-25,7148,7159,6890,7008
2011-02-28,7147,7148,7102,7139
2011-03-01,7149,7176,7080,7168
2011-03-02,7250,7275,7200,7267
2011-03-03,7282,7358,7270,7285
2011-03-04,7273,7298,7225,7249
2011-03-07,7548,7702,7528,7700
2011-03-08,7797,7879,7603,7627
2011-03-09,7740,7746,7618,7691
2011-03-10,7720,7756,7648,7695
2011-03-11,7549,7575,7470,7534
2011-03-14,7735,7768,7630,7685
2011-03-15,7694,7723,7558,7573
2011-03-16,7295,7478,7294,7426
2011-03-17,7452,7478,7331,7390
2011-03-18,7414,7550,7370,7544
2011-03-21,7730,7762,7703,7740
2011-03-22,7776,7778,7711,7729
2011-03-23,7695,7760,7665,7743
2011-03-24,7760,7880,7740,7875
2011-03-25,7941,8048,7901,7975
2011-03-28,7910,7943,7762,7791
2011-03-29,7780,7860,7760,7835
2011-03-30,7802,7900,7802,7893
2011-03-31,7955,7980,7842,7973
2011-04-01,7970,8000,7927,7972
2011-04-06,8262,8328,8244,8317
2011-04-07,8350,8426,8331,8357
2011-04-08,8347,8568,8347,8567
2011-04-11,8829,8959,8809,8903
2011-04-12,8831,8880,8580,8669
2011-04-13,8787,8817,8605,8736
2011-04-14,8755,8880,8690,8854
2011-04-15,8785,9137,8781,9120
2011-04-18,9281,9340,9225,9228
2011-04-19,9200,9379,9180,9318
2011-04-20,9308,9632,9282,9573
2011-04-21,9670,9993,9648,9928
2011-04-22,9882,10100,9870,10099
2011-04-25,10480,10686,10299,10686
2011-04-26,10572,10680,9700,9900
2011-04-27,9950,9969,9652,9809
2011-04-28,9830,10576,9763,10498
2011-04-29,10600,10788,10520,10562
2011-05-03,9787,10050,9787,9845
2011-05-04,9650,9749,9096,9103
2011-05-05,9020,9146,8636,8636
2011-05-06,8100,8148,7914,7914
2011-05-09,7699,7950,7699,7906
2011-05-10,8030,8300,8030,8280
2011-05-11,8348,8724,8248,8558
2011-05-12,8255,8310,7663,7663
2011-05-13,7200,7860,7060,7844
2011-05-16,7600,7711,7458,7552
2011-05-17,7547,7720,7337,7436
2011-05-18,7215,7560,7183,7555
2011-05-19,7525,7797,7451,7672
2011-05-20,7665,7740,7545,7693
2011-05-23,7699,7706,7530,7538
2011-05-24,7590,7735,7544,7719
2011-05-25,7810,7985,7810,7969
2011-05-26,8101,8485,8101,8335
2011-05-27,8170,8285,7986,8220
2011-05-30,8345,8375,8232,8256
2011-05-31,8310,8388,8280,8386
2011-06-01,8321,8414,8250,8293
2011-06-02,8305,8350,8050,8105
2011-06-03,8035,8092,7633,7739
2011-06-07,8039,8050,7932,8045
2011-06-08,8086,8135,7925,7929
2011-06-09,7881,7999,7860,7980
2011-06-10,8016,8136,7981,8083
2011-06-13,7848,7880,7742,7758
2011-06-14,7786,7790,7550,7618
2011-06-15,7561,7738,7485,7664
2011-06-16,7614,7789,7614,7722
2011-06-17,7715,7766,7660,7688
2011-06-20,7810,7835,7743,7753
2011-06-21,7767,7840,7752,7824
2011-06-22,7822,7885,7800,7879
2011-06-23,7860,7948,7815,7819
2011-06-24,7720,7746,7598,7601
2011-06-27,7420,7450,7300,7363
2011-06-28,7361,7413,7309,7410
2011-06-29,7390,7475,7343,7462
2011-06-30,7470,7580,7405,7533
2011-07-01,7570,7575,7451,7455
2011-07-04,7419,7425,7380,7410
2011-07-05,7420,7458,7380,7386
2011-07-06,7628,7749,7552,7689
2011-07-07,7699,7805,7690,7745
2011-07-08,7866,7868,7680,7799
2011-07-11,7885,7885,7814,7823
2011-07-12,7880,7880,7622,7638
2011-07-13,7630,7910,7630,7902
2011-07-14,8000,8363,7970,8304
2011-07-15,8411,8450,8128,8159
2011-07-18,8534,8558,8460,8535
2011-07-19,8600,8730,8578,8720
2011-07-20,8619,8656,8367,8419
2011-07-21,8280,8645,8230,8581
2011-07-22,8555,8595,8368,8395
2011-07-25,8684,8731,8620,8699
2011-07-26,8699,8739,8580,8622
2011-07-27,8661,8720,8572,8703
2011-07-28,8708,8748,8569,8590
2011-07-29,8550,8592,8395,8409
2011-08-01,8365,8398,8301,8336
2011-08-02,8298,8460,8272,8390
2011-08-03,8510,8750,8458,8716
2011-08-04,8700,8835,8672,8784
2011-08-05,8855,8868,8316,8415
2011-08-08,8505,8699,8503,8580
2011-08-09,8488,8530,8333,8344
2011-08-10,8270,8378,8152,8229
2011-08-11,8315,8471,8250,8335
2011-08-12,8310,8360,8200,8297
2011-08-15,8331,8360,8322,8340
2011-08-16,8365,8480,8363,8470
2011-08-17,8465,8520,8391,8490
2011-08-18,8501,8586,8480,8519
2011-08-19,8618,8645,8551,8625
2011-08-22,9145,9180,9011,9169
2011-08-23,9001,9162,9001,9057
2011-08-24,9030,9093,8850,8876
2011-08-25,8780,8820,8436,8497
2011-08-26,8511,8675,8400,8635
2011-08-29,8690,8728,8651,8687
2011-08-30,8700,8700,8555,8610
2011-08-31,8757,8788,8679,8769
2011-09-01,8792,8847,8736,8756
2011-09-02,8780,8850,8745,8848
2011-09-05,9035,9075,9000,9062
2011-09-06,8990,9090,8968,9005
2011-09-07,8901,8969,8701,8747
2011-09-08,8622,8857,8600,8803
2011-09-09,8905,8949,8856,8927
2011-09-13,8633,8715,8609,8673
2011-09-14,8640,8759,8632,8693
2011-09-15,8725,8726,8610,8624
2011-09-16,8550,8607,8453,8477
2011-09-19,8625,8660,8611,8653
2011-09-20,8600,8600,8436,8489
2011-09-21,8495,8597,8439,8560
2011-09-22,8570,8630,8440,8455
2011-09-23,7950,8060,7664,7664
2011-09-26,6961,6961,6961,6961
2011-09-27,6205,6774,6011,6740
2011-09-28,6906,6953,6545,6850
2011-09-29,6667,6826,6356,6599
2011-09-30,6560,6686,6458,6676
2011-10-10,6820,6838,6735,6795
2011-10-11,6827,6895,6788,6826
2011-10-12,6750,6881,6750,6858
2011-10-13,6965,6970,6808,6888
2011-10-14,6820,6859,6750,6834
2011-10-17,6845,6880,6807,6877
2011-10-18,6821,6857,6700,6710
2011-10-19,6610,6811,6555,6716
2011-10-20,6788,6808,6538,6560
2011-10-21,6605,6670,6410,6578
2011-10-24,6675,6736,6637,6697
2011-10-25,6721,6760,6665,6715
2011-10-26,6710,7138,6668,7037
2011-10-27,7060,7134,7001,7044
2011-10-28,7110,7485,7089,7393
2011-10-31,7430,7450,7160,7207
2011-11-01,7200,7269,7150,7187
2011-11-02,6800,7111,6800,7110
2011-11-03,7140,7249,7040,7042
2011-11-04,7270,7330,7130,7264
2011-11-07,7205,7289,7205,7238
2011-11-08,7290,7325,7255,7291
2011-11-09,7300,7393,7277,7331
2011-11-10,7334,7350,7051,7079
2011-11-11,7160,7216,7016,7149
2011-11-14,7299,7327,7273,7287
2011-11-15,7209,7268,7155,7174
2011-11-16,7208,7306,7189,7207
2011-11-17,7240,7250,7112,7140
2011-11-18,7036,7066,6640,6717
2011-11-21,6811,6838,6750,6798
2011-11-22,6675,6718,6536,6694
2011-11-23,6750,6955,6681,6833
2011-11-24,6705,6815,6684,6803
2011-11-25,6799,6810,6700,6705
2011-11-28,6725,6793,6725,6778
2011-11-29,6811,6870,6797,6810
2011-11-30,6778,6850,6730,6734
2011-12-01,6715,6955,6710,6920
2011-12-02,6999,7047,6914,6950
2011-12-05,6931,6946,6903,6922
2011-12-06,6899,6960,6758,6787
2011-12-07,6774,6915,6732,6892
2011-12-08,6839,6918,6819,6886
2011-12-09,6920,6995,6711,6727
2011-12-12,6810,6816,6680,6685
2011-12-13,6665,6685,6582,6587
2011-12-14,6651,6750,6553,6597
2011-12-15,6449,6469,5980,6014
2011-12-16,6190,6296,6052,6271
2011-12-19,6261,6265,6100,6160
2011-12-20,6150,6236,6128,6160
2011-12-21,6226,6288,6183,6270
2011-12-22,6225,6250,6162,6210
2011-12-23,6210,6218,6162,6211
2011-12-26,6179,6190,6163,6179
2011-12-27,6190,6195,6101,6120
2011-12-28,6105,6160,6069,6084
2011-12-29,6075,6085,5673,5699
2011-12-30,5607,5883,5607,5864
2012-01-04,6215,6229,6143,6192
2012-01-05,6158,6216,6100,6207
2012-01-06,6121,6185,6068,6164
2012-01-09,6087,6112,6060,6088
2012-01-10,6090,6150,6062,6140
2012-01-11,6295,6358,6283,6324
2012-01-12,6288,6327,6231,6309
2012-01-13,6390,6400,6230,6285
2012-01-16,6211,6236,6175,6235
2012-01-17,6230,6340,6220,6339
2012-01-18,6351,6358,6233,6283
2012-01-19,6294,6347,6249,6318
2012-01-20,6363,6389,6300,6387
2012-01-30,7000,7000,6889,6890
2012-01-31,6908,6990,6888,6987
2012-02-01,6950,7042,6855,6873
2012-02-02,6982,7007,6940,6976
2012-02-03,6951,7065,6951,7046
2012-02-06,6936,6980,6921,6931
2012-02-07,6901,6959,6832,6942
2012-02-08,6890,7067,6881,7050
2012-02-09,7031,7085,6963,7009
2012-02-10,6991,7080,6969,6970
2012-02-13,6947,6993,6941,6981
2012-02-14,6988,6996,6910,6916
2012-02-15,6910,6965,6884,6954
2012-02-16,6938,6995,6870,6888
2012-02-17,6869,6935,6778,6933
2012-02-20,6950,6968,6918,6924
2012-02-21,6941,7000,6921,6983
2012-02-22,6985,7085,6956,7066
2012-02-23,7038,7090,7004,7073
2012-02-24,7097,7262,7097,7227
2012-02-27,7267,7300,7238,7259
2012-02-28,7238,7297,7230,7268
2012-02-29,7375,7598,7341,7565
2012-03-01,7580,7630,7021,7119
2012-03-02,7120,7236,7070,7189
2012-03-05,7125,7150,7091,7104
2012-03-06,7066,7135,6949,6980
2012-03-07,6909,6920,6748,6780
2012-03-08,6815,6920,6770,6915
2012-03-09,6960,6988,6870,6941
2012-03-12,7001,7020,6950,6974
2012-03-13,6955,6979,6890,6932
2012-03-14,6879,6935,6800,6816
2012-03-15,6780,6827,6597,6691
2012-03-16,6700,6781,6630,6736
2012-03-19,6748,6777,6736,6748
2012-03-20,6730,6827,6721,6736
2012-03-21,6688,6730,6610,6677
2012-03-22,6640,6716,6630,6674
2012-03-23,6596,6608,6500,6586
2012-03-26,6681,6700,6666,6695
2012-03-27,6782,6844,6757,6827
2012-03-28,6849,6867,6751,6773
2012-03-29,6745,6770,6655,6695
2012-03-30,6690,6765,6618,6762
2012-04-05,6530,6592,6530,6569
2012-04-06,6550,6612,6550,6598
2012-04-09,6635,6640,6595,6618
2012-04-10,6630,6640,6541,6610
2012-04-11,6595,6620,6520,6605
2012-04-12,6600,6629,6560,6610
2012-04-16,6560,6579,6524,6541
2012-04-17,6600,6608,6543,6565
2012-04-18,6604,6628,6543,6609
2012-04-19,6555,6604,6553,6590
2012-04-20,6565,6660,6563,6615
2012-04-23,6590,6610,6550,6557
2012-04-24,6456,6467,6403,6452
2012-04-25,6466,6503,6435,6454
2012-04-26,6450,6480,6321,6475
2012-04-27,6482,6532,6435,6499
2012-05-02,6477,6490,6462,6480
2012-05-03,6425,6457,6415,6433
2012-05-04,6425,6439,6361,6361
2012-05-07,6371,6389,6362,6368
2012-05-08,6375,6399,6326,6329
2012-05-09,6266,6289,6157,6162
2012-05-10,6150,6218,6134,6187
2012-05-11,6170,6215,6033,6036
2012-05-14,6130,6130,6003,6006
2012-05-15,5978,6009,5812,5937
2012-05-16,5921,5924,5702,5720
2012-05-17,5750,5858,5665,5817
2012-05-18,5868,5937,5807,5930
2012-05-21,6020,6030,5980,5997
2012-05-22,5930,5981,5905,5945
2012-05-23,5930,6019,5818,5845
2012-05-24,5850,5885,5715,5858
2012-05-25,5957,5996,5857,5953
2012-05-28,5990,6020,5960,6000
2012-05-29,5980,6001,5950,5993
2012-05-30,5974,6014,5823,5846
2012-05-31,5849,5918,5780,5895
2012-06-01,5899,5912,5825,5858
2012-06-04,5985,5998,5937,5970
2012-06-05,5952,5990,5933,5949
2012-06-06,5972,6095,5955,6087
2012-06-07,6153,6248,6122,6156
2012-06-08,6184,6215,5923,5932
2012-06-11,6066,6099,6033,6055
2012-06-12,6053,6065,5978,6000
2012-06-13,6030,6094,6030,6079
2012-06-14,6088,6120,6058,6084
2012-06-15,6092,6094,5938,6060
2012-06-18,6079,6089,6006,6007
2012-06-19,5986,6070,5968,6066
2012-06-20,6048,6055,5986,5987
2012-06-21,5950,6016,5869,5892
2012-06-25,5672,5722,5668,5690
2012-06-26,5694,5815,5685,5775
2012-06-27,5760,5770,5680,5711
2012-06-28,5665,5785,5661,5712
2012-06-29,5712,5722,5618,5705
2012-07-02,5782,5792,5752,5771
2012-07-03,5791,5888,5770,5869
2012-07-04,5900,5970,5892,5915
2012-07-05,5924,5954,5904,5946
2012-07-06,5835,5888,5822,5829
2012-07-09,5745,5788,5745,5770
2012-07-10,5778,5800,5750,5751
2012-07-11,5804,5814,5700,5737
2012-07-12,5715,5764,5688,5692
2012-07-13,5660,5781,5655,5776
2012-07-16,5778,5786,5751,5771
2012-07-17,5777,5820,5760,5791
2012-07-18,5770,5796,5701,5768
2012-07-19,5720,5795,5720,5789
2012-07-20,5790,5796,5751,5775
2012-07-23,5768,5774,5720,5727
2012-07-24,5715,5757,5705,5731
2012-07-25,5739,5759,5695,5733
2012-07-26,5788,5806,5747,5791
2012-07-27,5836,5855,5805,5844
2012-07-30,5846,5850,5822,5835
2012-07-31,5838,5950,5838,5920
2012-08-01,5940,5943,5875,5903
2012-08-02,5780,5838,5770,5812
2012-08-03,5790,5794,5754,5777
2012-08-06,5862,5869,5850,5853
2012-08-07,5870,5909,5851,5900
2012-08-08,5925,5934,5877,5883
2012-08-09,5879,5931,5873,5921
2012-08-10,5901,5926,5868,5874
2012-08-13,5912,5930,5904,5911
2012-08-14,5903,5916,5870,5896
2012-08-15,5856,5880,5845,5864
2012-08-16,5879,5900,5866,5872
2012-08-17,5886,5939,5871,5937
2012-08-20,5915,5937,5908,5923
2012-08-21,5905,6042,5904,6039
2012-08-22,6100,6165,6092,6157
2012-08-23,6140,6406,6131,6378
2012-08-24,6375,6451,6325,6353
2012-08-27,6449,6544,6442,6494
2012-08-28,6484,6528,6406,6426
2012-08-29,6458,6480,6430,6459
2012-08-30,6470,6476,6412,6433
2012-08-31,6467,6467,6352,6373
2012-09-03,6625,6689,6601,6680
2012-09-04,6670,6787,6670,6748
2012-09-05,6746,6780,6715,6740
2012-09-06,6766,6912,6737,6899
2012-09-07,6851,6900,6681,6763
2012-09-10,7079,7142,7060,7086
2012-09-11,7048,7110,7028,7071
2012-09-12,7090,7109,7047,7076
2012-09-13,7075,7100,6830,6931
2012-09-14,6955,7360,6840,7278
2012-09-17,7299,7305,7221,7254
2012-09-18,7263,7276,7140,7165
2012-09-19,7233,7334,7200,7292
2012-09-20,7250,7292,7178,7200
2012-09-21,7241,7290,7164,7269
2012-09-24,7170,7170,6500,7071
2012-09-25,7041,7098,7041,7078
2012-09-26,7126,7127,7042,7059
2012-09-27,7020,7100,6985,7083
2012-09-28,7110,7243,7072,7234
2012-10-08,7160,7165,6980,7012
2012-10-09,7013,7069,7011,7028
2012-10-10,7030,7041,6972,7006
2012-10-11,7007,7050,6990,7045
2012-10-12,7023,7057,7005,7016
2012-10-15,6831,6875,6830,6860
2012-10-16,6838,6850,6739,6801
2012-10-17,6800,6830,6774,6819
2012-10-18,6818,6847,6781,6810
2012-10-19,6780,6810,6722,6730
2012-10-22,6628,6695,6628,6678
2012-10-23,6678,6716,6660,6661
2012-10-24,6622,6665,6613,6649
2012-10-25,6655,6731,6600,6716
2012-10-26,6716,6744,6605,6623
2012-10-29,6700,6719,6676,6682
2012-10-30,6670,6689,6640,6664
2012-10-31,6680,6684,6654,6671
2012-11-01,6710,6784,6692,6766
2012-11-02,6772,6787,6650,6676
2012-11-05,6525,6545,6436,6450
2012-11-06,6475,6500,6441,6484
2012-11-07,6519,6708,6475,6686
2012-11-08,6640,6697,6523,6609
2012-11-09,6636,6725,6585,6684
2012-11-12,6758,6776,6710,6735
2012-11-13,6738,6743,6650,6687
2012-11-14,6730,6748,6651,6721
2012-11-15,6708,6762,6690,6719
2012-11-16,6705,6745,6660,6685
2012-11-19,6700,6740,6695,6730
2012-11-20,6739,6838,6732,6820
2012-11-21,6810,6829,6780,6786
2012-11-22,6800,6867,6791,6844
2012-11-23,6851,6875,6830,6870
2012-11-26,6978,6998,6945,6990
2012-11-27,7006,7032,6984,7003
2012-11-28,7000,7011,6945,6953
2012-11-29,6935,6959,6788,6884
2012-11-30,6954,7011,6911,6991
2012-12-03,6888,6910,6865,6877
2012-12-04,6899,6908,6800,6823
2012-12-05,6790,6808,6728,6794
2012-12-06,6794,6794,6706,6726
2012-12-07,6739,6804,6711,6784
2012-12-10,6808,6836,6808,6826
2012-12-11,6840,6856,6788,6802
2012-12-12,6820,6823,6763,6811
2012-12-13,6830,6938,6756,6772
2012-12-14,6759,6759,6685,6720
2012-12-17,6672,6708,6652,6664
2012-12-18,6675,6730,6652,6718
2012-12-19,6712,6721,6581,6585
2012-12-20,6594,6594,6480,6501
2012-12-21,6500,6510,6167,6208
2012-12-24,6225,6294,6220,6282
2012-12-25,6276,6281,6205,6210
2012-12-26,6210,6228,5500,6195
2012-12-27,6215,6277,6185,6223
2012-12-28,6187,6292,6172,6267
2012-12-31,6275,6280,6255,6271
2013-01-04,6170,6175,6068,6095
2013-01-07,6209,6292,6209,6256
2013-01-08,6239,6270,6191,6232
2013-01-09,6262,6289,6240,6276
2013-01-10,6265,6281,6228,6269
2013-01-11,6270,6360,6263,6342
2013-01-14,6282,6341,6280,6340
2013-01-15,6360,6427,6342,6411
2013-01-16,6400,6474,6390,6450
2013-01-17,6402,6469,6395,6445
2013-01-18,6466,6527,6382,6523
2013-01-21,6545,6565,6527,6536
2013-01-22,6545,6577,6520,6556
2013-01-23,6528,6582,6526,6567
2013-01-24,6590,6628,6507,6516
2013-01-25,6488,6525,6455,6487
2013-01-28,6400,6426,6400,6410
2013-01-29,6390,6402,6337,6392
2013-01-30,6378,6438,6378,6434
2013-01-31,6415,6552,6397,6537
2013-02-01,6548,6566,6411,6447
2013-02-04,6500,6523,6488,6504
2013-02-05,6466,6519,6450,6495
2013-02-06,6516,6550,6485,6498
2013-02-07,6514,6526,6488,6511
2013-02-08,6512,6537,6445,6483
2013-02-18,6216,6240,6195,6205
2013-02-19,6205,6210,6170,6183
2013-02-20,6193,6205,6078,6119
2013-02-21,6052,6064,5900,5913
2013-02-22,5945,5984,5914,5971
2013-02-25,5940,5985,5935,5975
2013-02-26,6019,6029,5962,5968
2013-02-27,5992,6076,5926,6045
2013-02-28,6020,6055,5993,6014
2013-03-01,6010,6013,5920,5924
2013-03-04,5966,5987,5953,5962
2013-03-05,5971,6029,5948,6007
2013-03-06,6010,6045,5971,5997
2013-03-07,6004,6026,5963,6012
2013-03-08,6004,6029,5982,5996
2013-03-11,6010,6034,6010,6031
2013-03-12,5991,6030,5991,6013
2013-03-13,6060,6071,6041,6049
2013-03-14,6045,6068,5986,6004
2013-03-15,5976,6017,5965,6004
2013-03-18,6021,6023,5960,5990
2013-03-19,6015,6015,5989,6000
2013-03-20,5975,6024,5975,6003
2013-03-21,5992,6010,5973,5997
2013-03-22,6043,6055,6025,6027
2013-03-25,5980,6005,5979,5983
2013-03-26,5960,5990,5960,5974
2013-03-27,5980,5982,5860,5875
2013-03-28,5885,5958,5835,5937
2013-03-29,5911,5918,5836,5849
2013-04-01,5862,5865,5768,5781
2013-04-02,5791,5816,5765,5783
2013-04-03,5725,5739,5548,5579
2013-04-08,5619,5650,5610,5639
2013-04-09,5625,5667,5609,5657
2013-04-10,5653,5767,5652,5760
2013-04-11,5725,5755,5649,5653
2013-04-12,5680,5720,5670,5679
2013-04-15,5325,5329,5181,5181
2013-04-16,4973,4982,4554,4830
2013-04-17,4900,4900,4750,4810
2013-04-18,4776,4838,4577,4721
2013-04-19,4768,4850,4710,4817
2013-04-22,4775,4810,4758,4773
2013-04-23,4795,4795,4611,4639
2013-04-24,4638,4721,4615,4702
2013-04-25,4700,4744,4651,4712
2013-04-26,4800,5022,4762,4890
2013-05-02,4737,4765,4705,4749
2013-05-03,4802,4849,4768,4845
2013-05-06,4870,4917,4831,4853
2013-05-07,4820,4837,4720,4742
2013-05-08,4705,4797,4696,4772
2013-05-09,4780,4832,4746,4807
2013-05-10,4774,4795,4735,4772
2013-05-13,4752,4778,4725,4730
2013-05-14,4756,4765,4731,4742
2013-05-15,4665,4733,4611,4628
2013-05-16,4614,4637,4550,4550
2013-05-17,4550,4591,4526,4552
2013-05-20,4300,4422,4300,4330
2013-05-21,4361,4665,4337,4554
2013-05-22,4488,4555,4444,4547
2013-05-23,4581,4698,4432,4495
2013-05-24,4492,4538,4470,4518
2013-05-27,4488,4552,4476,4550
2013-05-28,4546,4553,4515,4518
2013-05-29,4488,4541,4466,4485
2013-05-30,4498,4545,4478,4538
2013-05-31,4565,4610,4555,4568
2013-06-03,4487,4533,4485,4504
2013-06-04,4545,4576,4500,4532
2013-06-05,4503,4545,4500,4520
2013-06-06,4526,4549,4488,4495
2013-06-07,4506,4550,4504,4541
2013-06-13,4375,4412,4371,4391
2013-06-14,4390,4407,4359,4378
2013-06-17,4443,4450,4400,4409
2013-06-18,4390,4408,4380,4386
2013-06-19,4391,4391,4344,4361
2013-06-20,4361,4383,4151,4179
2013-06-21,4023,4042,3889,3987
2013-06-24,3992,4035,3911,3941
2013-06-25,3973,3978,3913,3939
2013-06-26,3949,3949,3740,3760
2013-06-27,3769,3798,3705,3745
2013-06-28,3743,3768,3620,3744
2013-07-01,3718,3966,3705,3954
2013-07-02,3905,3970,3901,3954
2013-07-03,3930,3947,3880,3888
2013-07-04,3947,3965,3914,3932
2013-07-05,3909,3927,3813,3834
2013-07-08,3796,3798,3735,3767
2013-07-09,3820,3896,3796,3858
2013-07-10,3843,3858,3791,3831
2013-07-11,3835,4053,3808,4002
2013-07-12,4022,4029,3950,3971
2013-07-15,3965,4029,3955,3988
2013-07-16,3976,3989,3950,3981
2013-07-17,3990,4010,3973,3981
2013-07-18,4012,4029,3860,3871
2013-07-19,3902,3924,3850,3898
2013-07-22,3899,4013,3888,3993
2013-07-23,4067,4089,4036,4060
2013-07-24,4030,4077,4028,4067
2013-07-25,4039,4063,4008,4026
2013-07-26,4032,4050,4025,4032
2013-07-29,4000,4024,3951,3966
2013-07-30,4000,4000,3955,3957
2013-07-31,3972,3997,3945,3978
2013-08-01,3943,3967,3900,3934
2013-08-02,3962,3967,3853,3860
2013-08-05,4016,4017,3965,3983
2013-08-06,3938,3955,3915,3934
2013-08-07,3930,3934,3880,3895
2013-08-08,3883,3973,3881,3948
2013-08-09,3982,4048,3961,4025
2013-08-12,4030,4243,4017,4220
2013-08-13,4220,4338,4216,4326
2013-08-14,4329,4340,4260,4287
2013-08-15,4318,4454,4293,4408
2013-08-16,4381,4669,4351,4613
2013-08-19,4603,4741,4595,4638
2013-08-20,4647,4661,4456,4520
2013-08-21,4619,4645,4543,4563
2013-08-22,4588,4606,4522,4570
2013-08-23,4611,4654,4576,4605
2013-08-26,4610,4865,4605,4848
2013-08-27,4847,4921,4800,4850
2013-08-28,4931,5039,4910,4985
2013-08-29,5000,5024,4714,4796
2013-08-30,4830,4830,4665,4668
2013-09-02,4690,4868,4644,4820
2013-09-03,4820,4853,4798,4820
2013-09-04,4880,4912,4756,4796
2013-09-05,4705,4739,4634,4670
2013-09-06,4672,4688,4608,4655
2013-09-09,4748,4790,4733,4755
2013-09-10,4727,4762,4652,4669
2013-09-11,4619,4648,4558,4625
2013-09-12,4600,4644,4558,4570
2013-09-13,4460,4460,4351,4384
2013-09-16,4378,4456,4335,4398
2013-09-17,4365,4433,4365,4414
2013-09-18,4378,4397,4302,4387
2013-09-23,4378,4384,4258,4372
2013-09-24,4363,4415,4348,4353
2013-09-25,4295,4393,4278,4363
2013-09-26,4348,4398,4345,4380
2013-09-27,4390,4394,4332,4353
2013-09-30,4376,4397,4353,4395
2013-10-08,4460,4498,4445,4489
2013-10-09,4480,4513,4472,4479
2013-10-10,4416,4437,4390,4404
2013-10-11,4402,4421,4333,4348
2013-10-14,4250,4310,4250,4301
2013-10-15,4321,4328,4233,4247
2013-10-16,4210,4300,4208,4291
2013-10-17,4288,4348,4252,4279
2013-10-18,4385,4405,4361,4394
2013-10-21,4398,4479,4386,4470
2013-10-22,4472,4493,4440,4465
2013-10-23,4501,4585,4501,4546
2013-10-24,4565,4571,4532,4557
2013-10-25,4562,4572,4476,4490
2013-10-28,4485,4529,4460,4493
2013-10-29,4498,4514,4480,4501
2013-10-30,4495,4538,4473,4535
2013-10-31,4574,4605,4440,4458
2013-11-01,4388,4413,4360,4383
2013-11-04,4370,4388,4341,4341
2013-11-05,4378,4393,4338,4358
2013-11-06,4356,4374,4340,4362
2013-11-07,4390,4400,4365,4385
2013-11-08,4409,4411,4307,4364
2013-11-11,4364,4392,4280,4305
2013-11-12,4298,4305,4248,4272
2013-11-13,4274,4292,4184,4215
2013-11-14,4221,4263,4181,4243
2013-11-15,4230,4261,4219,4233
2013-11-18,4240,4242,4213,4226
2013-11-19,4218,4218,4143,4159
2013-11-20,4176,4203,4163,4198
2013-11-21,4170,4195,4103,4115
2013-11-22,4120,4135,4091,4120
2013-11-25,4121,4133,4064,4071
2013-11-26,4078,4150,4060,4147
2013-11-27,4124,4138,4108,4124
2013-11-28,4130,4139,4087,4108
2013-11-29,4110,4115,4092,4104
2013-12-02,4146,4147,4103,4115
2013-12-03,4090,4101,4011,4031
2013-12-04,4015,4028,3980,3994
2013-12-05,4017,4086,3980,4047
2013-12-06,4020,4074,4003,4050
2013-12-09,4043,4088,3998,4062
2013-12-10,4062,4135,4062,4127
2013-12-11,4148,4208,4148,4181
2013-12-12,4184,4213,4170,4181
2013-12-13,4090,4113,4009,4024
2013-12-16,4050,4059,4023,4026
2013-12-17,4038,4145,4038,4123
2013-12-18,4090,4135,4056,4090
2013-12-19,4090,4120,3996,4022
2013-12-20,3974,3988,3952,3963
2013-12-23,3970,4017,3952,3999
2013-12-24,3996,4011,3970,3973
2013-12-25,3980,4002,3973,3989
2013-12-26,3993,4000,3979,3994
2013-12-27,3999,4076,3994,4072
2013-12-30,4056,4110,4039,4054
2013-12-31,4036,4058,3990,4011
2014-01-02,4030,4100,4024,4083
2014-01-03,4072,4116,4063,4090
2014-01-06,4097,4130,4072,4082
2014-01-07,4076,4114,4070,4089
2014-01-08,4070,4085,4003,4007
2014-01-09,4020,4032,3950,3982
2014-01-10,3991,4021,3962,3994
2014-01-13,4005,4099,3970,4060
2014-01-14,4058,4100,4021,4078
2014-01-15,4075,4112,4041,4050
2014-01-16,4038,4069,4025,4047
2014-01-17,4038,4070,4035,4051
2014-01-20,4050,4095,4050,4080
2014-01-21,4088,4097,4060,4065
2014-01-22,4030,4032,3995,4014
2014-01-23,4024,4028,3984,4003
2014-01-24,4040,4070,4032,4042
2014-01-27,4070,4076,4010,4029
2014-01-28,4027,4036,4011,4023
2014-01-29,4026,4030,4003,4019
2014-01-30,4030,4037,3987,3992
2014-02-07,4040,4050,4005,4027
2014-02-10,4030,4073,4011,4065
2014-02-11,4076,4095,4059,4063
2014-02-12,4082,4087,4040,4063
2014-02-13,4080,4084,4065,4067
2014-02-14,4071,4178,4068,4165
2014-02-17,4218,4426,4206,4370
2014-02-18,4360,4405,4311,4328
2014-02-19,4310,4387,4310,4357
2014-02-20,4358,4385,4292,4316
2014-02-21,4309,4348,4303,4330
2014-02-24,4345,4359,4300,4346
2014-02-25,4410,4410,4358,4363
2014-02-26,4365,4404,4340,4391
2014-02-27,4348,4348,4206,4234
2014-02-28,4260,4280,4224,4243
2014-03-03,4257,4310,4227,4308
2014-03-04,4285,4312,4236,4248
2014-03-05,4230,4250,4220,4237
2014-03-06,4239,4258,4223,4229
2014-03-07,4231,4299,4231,4275
2014-03-10,4259,4274,4128,4137
2014-03-11,4161,4189,4147,4175
2014-03-12,4215,4224,4130,4196
2014-03-13,4205,4273,4193,4245
2014-03-14,4213,4247,4207,4223
2014-03-17,4310,4336,4240,4258
2014-03-18,4258,4270,4195,4204
2014-03-19,4149,4195,4135,4164
2014-03-20,4150,4198,4138,4161
2014-03-21,4113,4156,4107,4139
2014-03-24,4155,4163,4115,4120
2014-03-25,4114,4126,4088,4104
2014-03-26,4110,4129,4101,4126
2014-03-27,4117,4122,4082,4091
2014-03-28,4094,4112,4086,4108
2014-03-31,4100,4126,4098,4113
2014-04-01,4109,4119,4082,4099
2014-04-02,4098,4107,4091,4100
2014-04-03,4119,4121,4102,4108
2014-04-04,4095,4105,4093,4102
2014-04-08,4110,4145,4105,4140
2014-04-09,4139,4150,4130,4132
2014-04-10,4096,4147,4090,4140
2014-04-11,4140,4152,4123,4129
2014-04-14,4130,4150,4126,4144
2014-04-15,4133,4147,4103,4107
2014-04-16,4050,4068,4036,4058
2014-04-17,4068,4074,4050,4054
2014-04-18,4060,4064,4042,4050
2014-04-21,4046,4054,3985,4000
2014-04-22,4008,4021,3992,4016
2014-04-23,4011,4030,4000,4021
2014-04-24,4020,4030,4014,4020
2014-04-25,3995,4144,3993,4078
2014-04-28,4085,4108,4076,4097
2014-04-29,4103,4108,4071,4073
2014-04-30,4077,4087,4063,4069
2014-05-05,4097,4105,4080,4092
2014-05-06,4105,4108,4085,4097
2014-05-07,4094,4107,4094,4101
2014-05-08,4089,4092,4047,4057
2014-05-09,4045,4065,4043,4059
2014-05-12,4052,4085,4050,4084
2014-05-13,4110,4112,4081,4091
2014-05-14,4098,4109,4088,4107
2014-05-15,4147,4147,4115,4120
2014-05-16,4100,4113,4089,4094
2014-05-19,4085,4116,4085,4114
2014-05-20,4119,4119,4091,4093
2014-05-21,4090,4114,4086,4106
2014-05-22,4098,4120,4097,4115
2014-05-23,4126,4126,4104,4114
2014-05-26,4111,4116,4107,4110
2014-05-27,4110,4115,4086,4088
2014-05-28,4075,4081,4051,4060
2014-05-29,4060,4064,4021,4027
2014-05-30,4026,4060,4026,4058
2014-06-03,4025,4039,4007,4032
2014-06-04,4029,4045,4022,4038
2014-06-05,4038,4050,4034,4040
2014-06-06,4062,4075,4053,4069
2014-06-09,4073,4073,4033,4058
2014-06-10,4056,4060,4050,4057
2014-06-11,4060,4077,4060,4072
2014-06-12,4076,4078,4055,4060
2014-06-13,4066,4116,4062,4107
2014-06-16,4100,4148,4096,4139
2014-06-17,4137,4137,4097,4105
2014-06-18,4098,4122,4096,4116
2014-06-19,4116,4147,4109,4142
2014-06-20,4161,4344,4161,4302
2014-06-23,4306,4361,4306,4321
2014-06-24,4337,4338,4306,4313
2014-06-25,4335,4339,4252,4271
2014-06-26,4289,4320,4280,4282
2014-06-27,4296,4323,4287,4304
2014-06-30,4305,4316,4270,4272
2014-07-01,4272,4309,4269,4298
2014-07-02,4304,4315,4288,4297
2014-07-03,4293,4315,4284,4291
2014-07-04,4293,4316,4291,4313
2014-07-07,4310,4315,4257,4275
2014-07-08,4281,4290,4262,4288
2014-07-09,4291,4305,4273,4299
2014-07-10,4307,4335,4283,4323
2014-07-11,4367,4409,4353,4405
2014-07-14,4401,4408,4341,4355
2014-07-15,4329,4329,4307,4322
2014-07-16,4322,4340,4280,4295
2014-07-17,4294,4317,4291,4310
2014-07-18,4313,4367,4303,4337
2014-07-21,4318,4337,4299,4333
2014-07-22,4340,4341,4316,4321
2014-07-23,4334,4350,4319,4334
2014-07-24,4335,4340,4301,4312
2014-07-25,4315,4321,4252,4271
2014-07-28,4270,4314,4261,4293
2014-07-29,4295,4298,4282,4297
2014-07-30,4305,4307,4274,4286
2014-07-31,4289,4300,4276,4298
2014-08-01,4285,4289,4271,4283
2014-08-04,4291,4312,4280,4290
2014-08-05,4291,4296,4260,4274
2014-08-06,4257,4260,4221,4230
2014-08-07,4250,4267,4245,4250
2014-08-08,4240,4277,4237,4271
2014-08-11,4253,4262,4245,4255
2014-08-12,4261,4265,4254,4261
2014-08-13,4269,4270,4242,4258
2014-08-14,4260,4263,4236,4247
2014-08-15,4243,4256,4241,4250
2014-08-18,4210,4225,4180,4186
2014-08-19,4188,4194,4183,4187
2014-08-20,4185,4187,4122,4139
2014-08-21,4143,4158,4124,4128
2014-08-22,4126,4164,4121,4157
2014-08-25,4146,4160,4141,4151
2014-08-26,4147,4193,4147,4188
2014-08-27,4197,4197,4167,4182
2014-08-28,4180,4212,4165,4207
2014-08-29,4215,4215,4191,4206
2014-09-01,4206,4212,4190,4203
2014-09-02,4195,4200,4172,4181
2014-09-03,4147,4165,4147,4157
2014-09-04,4152,4165,4152,4160
2014-09-05,4159,4197,4147,4165
2014-09-09,4157,4162,4142,4150
2014-09-10,4150,4171,4138,4167
2014-09-11,4152,4164,4148,4154
2014-09-12,4135,4146,4081,4114
2014-09-15,4110,4122,4092,4118
2014-09-16,4111,4149,4108,4127
2014-09-17,4133,4144,4122,4134
2014-09-18,4130,4150,4104,4107
2014-09-19,4090,4140,4086,4122
2014-09-22,4113,4124,3850,3879
2014-09-23,3871,3883,3830,3845
2014-09-24,3880,3883,3851,3867
2014-09-25,3861,3864,3801,3812
2014-09-26,3818,3883,3791,3870
2014-09-29,3848,3871,3834,3865
2014-09-30,3870,3876,3857,3876
2014-10-08,3828,3860,3803,3841
2014-10-09,3849,3887,3819,3874
2014-10-10,3897,3912,3858,3863
2014-10-13,3873,3905,3852,3888
2014-10-14,3882,3896,3871,3888
2014-10-15,3895,3898,3842,3849
2014-10-16,3844,3912,3842,3878
2014-10-17,3879,3880,3844,3869
2014-10-20,3867,3876,3850,3868
2014-10-21,3879,3884,3865,3883
2014-10-22,3876,3898,3873,3880
2014-10-23,3874,3879,3836,3839
2014-10-24,3832,3846,3826,3838
2014-10-27,3842,3846,3811,3812
2014-10-28,3823,3831,3808,3822
2014-10-29,3824,3842,3817,3827
2014-10-30,3823,3833,3731,3739
2014-10-31,3722,3738,3537,3539
2014-11-03,3545,3555,3429,3479
2014-11-04,3487,3493,3444,3458
2014-11-05,3472,3473,3304,3318
2014-11-06,3199,3297,3172,3264
2014-11-07,3252,3284,3191,3265
2014-11-10,3266,3394,3248,3368
2014-11-11,3345,3365,3330,3348
2014-11-12,3355,3388,3345,3382
2014-11-13,3370,3385,3349,3363
2014-11-14,3374,3395,3266,3298
2014-11-17,3290,3543,3271,3492
2014-11-18,3475,3495,3453,3478
2014-11-19,3504,3506,3463,3480
2014-11-20,3484,3530,3405,3456
2014-11-21,3472,3484,3448,3481
2014-11-24,3480,3556,3476,3508
2014-11-25,3497,3526,3491,3514
2014-11-26,3534,3538,3491,3510
2014-11-27,3509,3516,3443,3474
2014-11-28,3479,3479,3412,3426
2014-12-01,3425,3432,3161,3197
2014-12-02,3317,3541,3256,3472
2014-12-03,3450,3506,3425,3477
2014-12-04,3482,3513,3462,3483
2014-12-05,3476,3541,3469,3503
2014-12-08,3490,3533,3448,3478
2014-12-09,3485,3511,3456,3501
2014-12-10,3500,3693,3493,3674
2014-12-11,3630,3716,3620,3634
2014-12-12,3637,3674,3626,3641
2014-12-15,3660,3670,3566,3612
2014-12-16,3587,3612,3449,3457
2014-12-17,3495,3580,3349,3422
2014-12-18,3433,3474,3358,3445
2014-12-19,3476,3488,3430,3456
2014-12-22,3449,3468,3433,3464
2014-12-23,3452,3458,3358,3389
2014-12-24,3366,3423,3342,3382
2014-12-25,3378,3383,3361,3370
2014-12-26,3363,3405,3363,3398
2014-12-29,3457,3457,3401,3416
2014-12-30,3401,3425,3372,3388
2014-12-31,3398,3485,3376,3447
2015-01-05,3420,3452,3416,3448
2015-01-06,3426,3496,3412,3486
2015-01-07,3475,3530,3468,3497
2015-01-08,3485,3523,3480,3492
2015-01-09,3488,3520,3486,3494
2015-01-12,3487,3547,3470,3542
2015-01-13,3520,3578,3515,3558
2015-01-14,3589,3598,3519,3545
2015-01-15,3521,3582,3515,3527
2015-01-16,3578,3600,3562,3585
2015-01-19,3580,3730,3577,3712
2015-01-20,3712,3763,3710,3740
2015-01-21,3760,3888,3753,3862
2015-01-22,3866,3898,3762,3779
2015-01-23,3791,3849,3747,3817
2015-01-26,3820,3848,3776,3810
2015-01-27,3758,3797,3733,3772
2015-01-28,3765,3796,3757,3769
2015-01-29,3772,3789,3715,3719
2015-01-30,3675,3689,3538,3558
2015-02-02,3560,3638,3534,3605
2015-02-03,3618,3634,3576,3623
2015-02-04,3660,3669,3577,3600
2015-02-05,3618,3657,3606,3628
2015-02-06,3578,3627,3572,3616
2015-02-09,3614,3636,3530,3557
2015-02-10,3573,3590,3554,3574
2015-02-11,3550,3591,3549,3575
2015-02-12,3570,3576,3523,3540
2015-02-13,3558,3590,3542,3579
2015-02-16,3569,3648,3568,3633
2015-02-17,3633,3634,3610,3617
2015-02-25,3551,3564,3545,3549
2015-02-26,3542,3565,3542,3558
2015-02-27,3572,3584,3553,3564
2015-03-02,3555,3598,3543,3584
2015-03-03,3573,3587,3458,3539
2015-03-04,3536,3558,3512,3520
2015-03-05,3522,3530,3481,3497
2015-03-06,3495,3515,3480,3485
2015-03-09,3474,3489,3401,3427
2015-03-10,3422,3430,3383,3392
2015-03-11,3397,3416,3393,3406
2015-03-12,3395,3410,3331,3400
2015-03-13,3395,3410,3377,3394
2015-03-16,3382,3426,3376,3417
2015-03-17,3405,3422,3386,3394
2015-03-18,3388,3410,3352,3373
2015-03-19,3377,3498,3367,3457
2015-03-20,3455,3488,3446,3473
2015-03-23,3477,3596,3477,3582
2015-03-24,3588,3649,3588,3619
2015-03-25,3633,3645,3588,3598
2015-03-26,3615,3645,3603,3638
2015-03-27,3644,3664,3600,3612
2015-03-30,3624,3627,3547,3553
2015-03-31,3538,3557,3502,3508
2015-04-01,3525,3540,3502,3515
2015-04-02,3509,3577,3509,3568
2015-04-03,3558,3567,3522,3547
2015-04-07,3559,3584,3553,3569
2015-04-08,3568,3576,3557,3572
2015-04-09,3561,3568,3454,3465
2015-04-10,3482,3489,3433,3455
2015-04-13,3480,3520,3466,3494
2015-04-14,3479,3498,3444,3458
2015-04-15,3443,3495,3427,3469
2015-04-16,3472,3523,3463,3513
2015-04-17,3521,3539,3483,3504
2015-04-20,3517,3529,3491,3512
2015-04-21,3481,3485,3446,3454
2015-04-22,3482,3488,3457,3472
2015-04-23,3470,3477,3431,3437
2015-04-24,3454,3462,3433,3458
2015-04-27,3449,3457,3418,3448
2015-04-28,3456,3558,3449,3550
2015-04-29,3556,3605,3554,3566
2015-04-30,3570,3604,3562,3568
2015-05-04,3506,3546,3498,3534
2015-05-05,3524,3598,3524,3546
2015-05-06,3560,3587,3555,3563
2015-05-07,3553,3588,3538,3547
2015-05-08,3549,3561,3525,3552
2015-05-11,3549,3588,3530,3549
2015-05-12,3555,3568,3508,3528
2015-05-13,3561,3577,3535,3575
2015-05-14,3589,3663,3580,3662
2015-05-15,3678,3711,3662,3683
2015-05-18,3679,3762,3670,3747
2015-05-19,3734,3765,3685,3686
2015-05-20,3693,3703,3581,3612
2015-05-21,3619,3647,3611,3636
2015-05-22,3630,3645,3598,3641
2015-05-25,3645,3658,3598,3616
2015-05-26,3616,3648,3579,3588
2015-05-27,3585,3598,3558,3578
2015-05-28,3568,3584,3555,3571
2015-05-29,3565,3581,3549,3570
2015-06-01,3570,3590,3558,3562
2015-06-02,3563,3639,3558,3581
2015-06-03,3582,3603,3572,3579
2015-06-04,3575,3584,3533,3534
2015-06-05,3539,3543,3480,3491
2015-06-08,3487,3498,3456,3489
2015-06-09,3477,3491,3470,3479
2015-06-10,3492,3496,3471,3490
2015-06-11,3495,3516,3471,3473
2015-06-12,3471,3496,3458,3479
2015-06-15,3475,3483,3463,3473
2015-06-16,3476,3505,3470,3489
2015-06-17,3481,3488,3460,3470
2015-06-18,3470,3516,3464,3508
2015-06-19,3525,3543,3490,3496
2015-06-23,3501,3504,3473,3479
2015-06-24,3468,3483,3431,3431
2015-06-25,3444,3448,3428,3439
2015-06-26,3435,3438,3389,3409
2015-06-29,3415,3448,3392,3424
2015-06-30,3424,3435,3372,3397
2015-07-01,3387,3439,3366,3386
2015-07-02,3391,3405,3368,3372
2015-07-03,3373,3431,3356,3405
2015-07-06,3405,3416,3380,3387
2015-07-07,3378,3410,3375,3387
2015-07-08,3379,3389,3178,3193
2015-07-09,3216,3364,3187,3327
2015-07-10,3330,3358,3305,3334
2015-07-13,3340,3365,3320,3321
2015-07-14,3330,3332,3287,3307
2015-07-15,3299,3329,3299,3305
2015-07-16,3300,3308,3248,3264
2015-07-17,3244,3278,3215,3252
2015-07-20,3246,3250,3157,3208
2015-07-21,3200,3253,3185,3220
2015-07-22,3223,3238,3180,3198
2015-07-23,3189,3219,3185,3213
2015-07-24,3218,3221,3159,3184
2015-07-27,3159,3200,3147,3198
2015-07-28,3183,3197,3170,3182
2015-07-29,3176,3204,3174,3191
2015-07-30,3189,3230,3180,3186
2015-07-31,3182,3213,3178,3182
2015-08-03,3176,3236,3176,3202
2015-08-04,3193,3203,3144,3170
2015-08-05,3172,3186,3160,3165
2015-08-06,3171,3188,3165,3172
2015-08-07,3173,3198,3166,3195
2015-08-10,3186,3228,3167,3220
2015-08-11,3216,3336,3213,3319
2015-08-12,3325,3499,3316,3472
2015-08-13,3472,3566,3442,3456
2015-08-14,3450,3468,3432,3455
2015-08-17,3463,3488,3395,3414
2015-08-18,3410,3429,3402,3405
2015-08-19,3388,3398,3330,3373
2015-08-20,3366,3454,3356,3424
2015-08-21,3432,3491,3431,3441
2015-08-24,3441,3458,3376,3383
2015-08-25,3368,3404,3320,3337
2015-08-26,3354,3370,3290,3307
2015-08-27,3268,3269,3213,3250
2015-08-28,3250,3326,3225,3296
2015-08-31,3283,3324,3262,3282
2015-09-01,3294,3320,3266,3292
2015-09-02,3287,3320,3273,3283
2015-09-07,3283,3299,3275,3276
2015-09-08,3275,3288,3261,3281
2015-09-09,3303,3348,3285,3296
2015-09-10,3289,3304,3270,3290
2015-09-11,3288,3319,3282,3290
2015-09-14,3276,3288,3243,3266
2015-09-15,3256,3268,3248,3250
2015-09-16,3250,3276,3243,3273
2015-09-17,3279,3333,3274,3322
2015-09-18,3316,3399,3312,3365
2015-09-21,3391,3414,3355,3367
2015-09-22,3359,3384,3359,3373
2015-09-23,3341,3355,3308,3319
2015-09-24,3330,3341,3315,3324
2015-09-25,3316,3374,3316,3347
2015-09-28,3340,3357,3315,3318
2015-09-29,3290,3299,3243,3254
2015-09-30,3266,3279,3250,3251
2015-10-08,3454,3510,3416,3424
2015-10-09,3416,3440,3367,3433
2015-10-12,3445,3449,3408,3438
2015-10-13,3438,3455,3394,3406
2015-10-14,3401,3449,3401,3440
2015-10-15,3426,3459,3418,3435
2015-10-16,3438,3452,3406,3410
2015-10-19,3410,3430,3394,3398
2015-10-20,3395,3414,3381,3406
2015-10-21,3403,3413,3381,3388
2015-10-22,3395,3398,3371,3384
2015-10-23,3385,3425,3378,3423
2015-10-26,3429,3433,3383,3396
2015-10-27,3402,3407,3388,3397
2015-10-28,3397,3420,3388,3411
2015-10-29,3425,3467,3393,3401
2015-10-30,3393,3400,3367,3375
2015-11-02,3371,3375,3341,3360
2015-11-03,3349,3360,3342,3356
2015-11-04,3347,3357,3329,3340
2015-11-05,3337,3353,3293,3295
2015-11-06,3300,3308,3283,3306
2015-11-09,3307,3323,3250,3265
2015-11-10,3267,3271,3234,3239
2015-11-11,3239,3261,3216,3249
2015-11-12,3244,3247,3224,3236
2015-11-13,3238,3261,3211,3236
2015-11-16,3242,3266,3230,3264
2015-11-17,3264,3264,3206,3218
2015-11-18,3215,3236,3206,3217
2015-11-19,3212,3231,3196,3220
2015-11-20,3217,3245,3203,3226
2015-11-23,3233,3241,3133,3158
2015-11-24,3157,3180,3141,3171
2015-11-25,3174,3205,3164,3190
2015-11-26,3172,3211,3161,3193
2015-11-27,3209,3210,3162,3169
2015-11-30,3164,3176,3136,3149
2015-12-01,3159,3179,3151,3174
2015-12-02,3172,3181,3165,3168
2015-12-03,3166,3170,3128,3142
2015-12-04,3138,3203,3135,3158
2015-12-07,3171,3248,3159,3240
2015-12-08,3230,3241,3187,3204
2015-12-09,3201,3218,3186,3203
2015-12-10,3215,3230,3195,3202
2015-12-11,3205,3208,3181,3199
2015-12-14,3178,3202,3173,3187
2015-12-15,3176,3192,3165,3166
2015-12-16,3167,3182,3167,3179
2015-12-17,3177,3220,3174,3198
2015-12-18,3200,3207,3161,3177
2015-12-21,3178,3225,3176,3216
2015-12-22,3226,3239,3207,3227
2015-12-23,3229,3248,3220,3224
2015-12-24,3228,3236,3220,3234
2015-12-25,3234,3239,3227,3231
2015-12-28,3229,3250,3218,3219
2015-12-29,3214,3227,3205,3223
2015-12-30,3218,3232,3215,3218
2015-12-31,3212,3218,3204,3210
2016-01-04,3213,3225,3189,3216
2016-01-05,3223,3240,3214,3223
2016-01-06,3228,3234,3215,3226
2016-01-07,3233,3302,3222,3259
2016-01-08,3265,3298,3257,3261
2016-01-11,3259,3274,3240,3258
2016-01-12,3260,3265,3205,3214
2016-01-13,3211,3212,3193,3193
2016-01-14,3196,3242,3188,3226
2016-01-15,3229,3233,3204,3216
2016-01-18,3209,3238,3208,3221
2016-01-19,3224,3235,3218,3231
2016-01-20,3230,3245,3227,3236
2016-01-21,3236,3252,3235,3244
2016-01-22,3234,3244,3220,3233
2016-01-25,3243,3266,3230,3240
2016-01-26,3245,3271,3242,3270
2016-01-27,3269,3289,3261,3272
2016-01-28,3269,3285,3263,3267
2016-01-29,3269,3271,3247,3250
2016-02-01,3248,3262,3240,3259
2016-02-02,3253,3270,3248,3255
2016-02-03,3254,3268,3248,3254
2016-02-04,3266,3305,3256,3300
2016-02-05,3309,3333,3301,3302
2016-02-15,3410,3425,3376,3388
2016-02-16,3389,3392,3365,3378
2016-02-17,3391,3393,3369,3384
2016-02-18,3374,3390,3373,3376
2016-02-19,3373,3396,3373,3388
2016-02-22,3389,3400,3368,3369
2016-02-23,3348,3373,3346,3368
2016-02-24,3360,3376,3360,3363
2016-02-25,3376,3398,3357,3363
2016-02-26,3358,3365,3331,3341
2016-02-29,3342,3349,3257,3271
2016-03-01,3278,3300,3256,3282
2016-03-02,3291,3303,3260,3272
2016-03-03,3273,3300,3271,3284
2016-03-04,3294,3365,3282,3354
2016-03-07,3364,3439,3322,3410
2016-03-08,3422,3475,3371,3393
2016-03-09,3403,3408,3314,3339
2016-03-10,3331,3359,3325,3336
2016-03-11,3343,3409,3318,3374
2016-03-14,3373,3387,3356,3374
2016-03-15,3371,3418,3330,3343
2016-03-16,3345,3348,3326,3343
2016-03-17,3345,3396,3334,3378
2016-03-18,3389,3471,3378,3459
2016-03-21,3444,3449,3402,3411
2016-03-22,3424,3452,3411,3449
2016-03-23,3438,3450,3408,3409
2016-03-24,3400,3405,3353,3360
2016-03-25,3364,3373,3351,3355
2016-03-28,3352,3365,3339,3362
2016-03-29,3361,3373,3342,3343
2016-03-30,3346,3380,3345,3373
2016-03-31,3370,3374,3348,3356
2016-04-01,3371,3380,3360,3367
2016-04-05,3320,3332,3300,3322
2016-04-06,3331,3341,3323,3326
2016-04-07,3313,3339,3313,3327
2016-04-08,3336,3356,3333,3335
2016-04-11,3342,3378,3337,3372
2016-04-12,3379,3424,3375,3419
2016-04-13,3445,3452,3425,3431
2016-04-14,3434,3472,3417,3420
2016-04-15,3435,3450,3425,3436
2016-04-18,3439,3474,3428,3446
2016-04-19,3455,3595,3444,3577
2016-04-20,3583,3697,3582,3633
2016-04-21,3662,3797,3644,3770
2016-04-22,3770,3857,3630,3665
2016-04-25,3684,3721,3602,3653
2016-04-26,3633,3670,3631,3644
2016-04-27,3634,3738,3633,3727
2016-04-28,3728,3756,3670,3716
2016-04-29,3713,3828,3707,3793
2016-05-03,3770,3804,3747,3784
2016-05-04,3751,3792,3708,3722
2016-05-05,3717,3757,3710,3732
2016-05-06,3741,3769,3682,3706
2016-05-09,3709,3754,3702,3706
2016-05-10,3692,3701,3621,3653
2016-05-11,3644,3696,3633,3684
2016-05-12,3730,3746,3686,3695
2016-05-13,3698,3722,3635,3660
2016-05-16,3668,3712,3638,3708
2016-05-17,3705,3725,3676,3690
2016-05-18,3679,3713,3662,3674
2016-05-19,3681,3695,3588,3598
2016-05-20,3585,3588,3551,3571
2016-05-23,3576,3597,3525,3538
2016-05-24,3539,3554,3514,3517
2016-05-25,3522,3549,3514,3521
2016-05-26,3524,3564,3518,3554
2016-05-27,3563,3571,3501,3523
2016-05-30,3524,3538,3448,3462
2016-05-31,3471,3498,3458,3484
2016-06-01,3476,3491,3471,3482
2016-06-02,3486,3492,3458,3485
2016-06-03,3484,3496,3473,3495
2016-06-06,3484,3567,3484,3558
2016-06-07,3561,3592,3553,3567
2016-06-08,3556,3615,3546,3613
2016-06-13,3743,3753,3694,3731
2016-06-14,3740,3758,3721,3735
2016-06-15,3739,3763,3735,3752
2016-06-16,3743,3833,3732,3812
2016-06-17,3808,3832,3706,3730
2016-06-20,3741,3758,3713,3733
2016-06-21,3732,3777,3732,3752
2016-06-22,3725,3729,3689,3709
2016-06-23,3718,3734,3705,3732
2016-06-24,3718,3835,3713,3809
2016-06-27,3850,3857,3801,3825
2016-06-28,3839,3842,3793,3811
2016-06-29,3807,3962,3807,3941
2016-06-30,3940,3987,3925,3965
2016-07-01,3973,4192,3960,4157
2016-07-04,4157,4394,4133,4394
2016-07-05,4375,4747,4230,4333
2016-07-06,4300,4487,4257,4390
2016-07-07,4425,4438,4336,4374
2016-07-08,4347,4366,4240,4253
2016-07-11,4266,4485,4132,4411
2016-07-12,4410,4443,4371,4435
2016-07-13,4396,4436,4310,4418
2016-07-14,4430,4447,4366,4396
2016-07-15,4365,4395,4340,4371
2016-07-18,4385,4390,4289,4297
2016-07-19,4278,4328,4273,4305
2016-07-20,4316,4322,4266,4272
2016-07-21,4234,4241,4160,4193
2016-07-22,4176,4310,4171,4249
2016-07-25,4256,4262,4183,4212
2016-07-26,4197,4268,4183,4246
2016-07-27,4245,4261,4227,4243
2016-07-28,4238,4420,4232,4406
2016-07-29,4409,4428,4345,4351
2016-08-01,4349,4464,4342,4441
2016-08-02,4447,4455,4407,4442
2016-08-03,4475,4496,4459,4474
2016-08-04,4464,4484,4357,4369
2016-08-05,4402,4426,4388,4412
2016-08-08,4394,4409,4265,4275
2016-08-09,4285,4310,4262,4270
2016-08-10,4271,4396,4247,4384
2016-08-11,4418,4430,4329,4359
2016-08-12,4361,4392,4334,4343
2016-08-15,4330,4387,4289,4315
2016-08-16,4320,4365,4292,4346
2016-08-17,4367,4369,4284,4293
2016-08-18,4285,4356,4250,4322
2016-08-19,4317,4330,4290,4299
2016-08-22,4257,4273,4140,4160
2016-08-23,4163,4196,4141,4189
2016-08-24,4183,4191,4143,4154
2016-08-25,4155,4162,4065,4100
2016-08-26,4079,4099,4054,4096
2016-08-29,4124,4178,4043,4067
2016-08-30,4081,4128,4063,4103
2016-08-31,4109,4125,4081,4102
2016-09-01,4095,4125,4072,4099
2016-09-02,4100,4169,4088,4146
2016-09-05,4150,4256,4133,4241
2016-09-06,4256,4292,4251,4291
2016-09-07,4293,4391,4290,4351
2016-09-08,4348,4372,4315,4345
2016-09-09,4339,4353,4284,4290
2016-09-12,4278,4295,4166,4202
2016-09-13,4183,4254,4162,4215
2016-09-14,4206,4224,4163,4205
2016-09-19,4164,4248,4162,4235
2016-09-20,4228,4259,4226,4241
2016-09-21,4234,4294,4214,4290
2016-09-22,4309,4372,4297,4330
2016-09-23,4377,4388,4326,4337
2016-09-26,4348,4350,4269,4286
2016-09-27,4276,4314,4267,4290
2016-09-28,4275,4282,4203,4211
2016-09-29,4230,4259,4186,4229
2016-09-30,4221,4245,4190,4210
2016-10-10,3920,3956,3901,3934
2016-10-11,3942,3982,3920,3970
2016-10-12,3943,3958,3931,3943
2016-10-13,3932,3967,3922,3953
2016-10-14,3956,3958,3935,3936
2016-10-17,3940,3964,3915,3947
2016-10-18,3950,3998,3944,3993
2016-10-19,3983,4014,3975,3987
2016-10-20,4020,4025,3994,4004
2016-10-21,4008,4015,3946,3959
2016-10-24,3968,3996,3959,3990
2016-10-25,3987,4041,3986,4017
2016-10-26,4029,4059,4008,4039
2016-10-27,4021,4035,4008,4017
2016-10-28,4024,4032,4011,4016
2016-10-31,4017,4054,3996,4043
2016-11-01,4035,4073,4035,4064
2016-11-02,4114,4155,4098,4144
2016-11-03,4155,4188,4133,4137
2016-11-04,4074,4135,4070,4081
2016-11-07,4094,4138,4071,4079
2016-11-08,4082,4114,4058,4106
2016-11-09,4095,4268,4085,4230
2016-11-10,4233,4245,4170,4237
2016-11-11,4233,4276,4190,4269
2016-11-14,4254,4290,3961,4027
2016-11-15,4017,4023,3958,3997
2016-11-16,3990,4028,3976,4012
2016-11-17,3997,4018,3990,3998
2016-11-18,4008,4011,3941,3957
2016-11-21,3956,3989,3942,3986
2016-11-22,3986,4036,3974,4023
2016-11-23,4026,4036,4002,4014
2016-11-24,4009,4011,3942,3987
2016-11-25,3985,3999,3951,3988
2016-11-28,3986,4078,3981,4069
2016-11-29,4057,4067,4031,4034
2016-11-30,4029,4043,4005,4018
2016-12-01,4015,4033,3955,3999
2016-12-02,3980,4020,3975,3998
2016-12-05,3983,4068,3977,4024
2016-12-06,4020,4053,4015,4034
2016-12-07,4032,4046,4022,4029
2016-12-08,4045,4130,4033,4106
2016-12-09,4110,4126,4068,4089
2016-12-12,4088,4114,4075,4088
2016-12-13,4098,4139,4085,4120
2016-12-14,4115,4145,4080,4119
2016-12-15,4133,4147,4076,4084
2016-12-16,4015,4032,3965,3982
2016-12-19,3984,4007,3980,3993
2016-12-20,3987,3995,3872,3895
2016-12-21,3891,3943,3816,3926
2016-12-22,3912,3933,3866,3888
2016-12-23,3880,3932,3861,3904
2016-12-26,3904,3908,3866,3880
2016-12-27,3882,3929,3871,3923
2016-12-28,3930,3946,3912,3931
2016-12-29,3920,3978,3920,3970
2016-12-30,3960,4013,3953,3989
2017-01-03,3955,3986,3949,3966
2017-01-04,3955,4021,3955,4010
2017-01-05,4013,4028,3990,4017
2017-01-06,4008,4026,3966,3977
2017-01-09,3988,4013,3978,3992
2017-01-10,4003,4022,3995,4013
2017-01-11,4014,4055,4006,4043
2017-01-12,4038,4042,4002,4031
2017-01-13,4044,4044,4000,4010
2017-01-16,4015,4046,3992,4037
2017-01-17,4035,4054,4021,4040
2017-01-18,4053,4074,4034,4039
2017-01-19,4041,4058,4005,4012
2017-01-20,4011,4025,3998,4011
2017-01-23,4001,4034,3996,4024
2017-01-24,4024,4030,4016,4020
2017-01-25,4017,4029,3986,3988
2017-01-26,3987,3997,3942,3943
2017-02-03,4025,4035,4005,4008
2017-02-06,4006,4058,3991,4049
2017-02-07,4057,4080,4051,4068
2017-02-08,4062,4091,4060,4068
2017-02-09,4078,4107,4075,4082
2017-02-10,4080,4098,4053,4055
2017-02-13,4060,4148,4054,4138
2017-02-14,4140,4146,4114,4133
2017-02-15,4145,4163,4115,4128
2017-02-16,4128,4157,4112,4137
2017-02-17,4152,4156,4130,4140
2017-02-20,4132,4147,4113,4123
2017-02-21,4127,4154,4119,4140
2017-02-22,4130,4147,4122,4136
2017-02-23,4138,4161,4128,4135
2017-02-24,4142,4194,4136,4192
2017-02-27,4205,4243,4201,4234
2017-02-28,4234,4245,4211,4219
2017-03-01,4215,4233,4190,4197
2017-03-02,4202,4217,4192,4208
2017-03-03,4196,4206,4070,4084
2017-03-06,4078,4118,4074,4091
2017-03-07,4093,4105,4081,4081
2017-03-08,4081,4085,4046,4047
2017-03-09,4043,4048,3983,3998
2017-03-10,3993,4029,3957,3962
2017-03-13,3962,4008,3954,3997
2017-03-14,3990,3999,3975,3975
2017-03-15,3986,3993,3971,3984
2017-03-16,3978,4103,3976,4085
2017-03-17,4091,4097,4063,4074
2017-03-20,4090,4098,4078,4096
2017-03-21,4089,4094,4070,4077
2017-03-22,4087,4120,4079,4109
2017-03-23,4104,4108,4095,4100
2017-03-24,4112,4125,4086,4095
2017-03-27,4101,4139,4097,4134
2017-03-28,4148,4159,4135,4141
2017-03-29,4148,4159,4130,4139
2017-03-30,4143,4145,4129,4138
2017-03-31,4139,4149,4118,4125
2017-04-05,4156,4158,4143,4149
2017-04-06,4145,4152,4135,4147
2017-04-07,4144,4221,4138,4199
2017-04-10,4195,4233,4090,4113
2017-04-11,4108,4118,4085,4111
2017-04-12,4113,4204,4110,4181
2017-04-13,4183,4218,4167,4211
2017-04-14,4217,4218,4191,4212
2017-04-17,4215,4270,4211,4230
2017-04-18,4227,4229,4191,4196
2017-04-19,4199,4204,4150,4165
2017-04-20,4161,4178,4152,4168
2017-04-21,4165,4179,4130,4135
2017-04-24,4137,4148,4115,4122
2017-04-25,4119,4135,4108,4123
2017-04-26,4117,4122,4095,4097
2017-04-27,4100,4104,4081,4093
2017-04-28,4091,4101,4086,4094
2017-05-02,4040,4040,4007,4019
2017-05-03,4015,4022,4008,4012
2017-05-04,4011,4019,3860,3911
2017-05-05,3902,3938,3854,3914
2017-05-08,3901,3928,3888,3914
2017-05-09,3920,3924,3884,3897
2017-05-10,3890,3891,3863,3878
2017-05-11,3894,3918,3883,3911
2017-05-12,3922,3947,3903,3936
2017-05-15,3932,3972,3927,3967
2017-05-16,3988,4005,3973,3989
2017-05-17,3996,4009,3975,3995
2017-05-18,4007,4022,3977,3987
2017-05-19,3987,3996,3950,3982
2017-05-22,3993,3999,3971,3996
2017-05-23,4000,4025,3998,4011
2017-05-24,4008,4030,3967,3976
2017-05-25,3990,4016,3975,4004
2017-05-26,4001,4009,3985,3997
2017-05-31,4005,4010,3977,3987
2017-06-01,3988,3996,3962,3975
2017-06-02,3960,3970,3942,3949
2017-06-05,3949,4024,3938,4018
2017-06-06,4020,4048,4015,4040
2017-06-07,4048,4063,4039,4049
2017-06-08,4038,4050,4026,4040
2017-06-09,4037,4042,3975,3981
2017-06-12,3984,3984,3944,3947
2017-06-13,3941,3953,3916,3922
2017-06-14,3917,3949,3911,3939
2017-06-15,3940,4008,3918,3921
2017-06-16,3902,3933,3890,3923
2017-06-19,3918,3932,3903,3906
2017-06-20,3905,3918,3893,3914
2017-06-21,3907,3914,3881,3893
2017-06-22,3887,3942,3882,3934
2017-06-23,3927,3946,3926,3938
2017-06-26,3958,3958,3936,3939
2017-06-27,3910,3924,3891,3921
2017-06-28,3915,3957,3913,3943
2017-06-29,3952,3956,3939,3944
2017-06-30,3933,3936,3900,3902
2017-07-03,3900,3914,3860,3893
2017-07-04,3881,3881,3780,3791
2017-07-05,3787,3817,3761,3796
2017-07-06,3772,3797,3760,3777
2017-07-07,3775,3802,3742,3755
2017-07-10,3758,3789,3544,3561
2017-07-11,3579,3666,3552,3632
2017-07-12,3632,3732,3624,3695
2017-07-13,3689,3746,3679,3715
2017-07-14,3710,3728,3653,3663
2017-07-17,3692,3771,3680,3751
2017-07-18,3776,3785,3745,3747
2017-07-19,3760,3777,3751,3766
2017-07-20,3773,3778,3750,3756
2017-07-21,3750,3799,3747,3790
2017-07-24,3805,3813,3780,3790
2017-07-25,3803,3807,3782,3792
2017-07-26,3766,3813,3754,3764
2017-07-27,3771,3832,3761,3821
2017-07-28,3825,3837,3803,3811
2017-07-31,3815,3833,3812,3822
2017-08-01,3838,3845,3826,3831
2017-08-02,3823,3840,3816,3821
2017-08-03,3821,3836,3789,3794
2017-08-04,3807,3826,3801,3823
2017-08-07,3820,3830,3730,3736
2017-08-08,3716,3748,3716,3734
2017-08-09,3748,3798,3723,3793
2017-08-10,3801,3896,3801,3884
2017-08-11,3910,3947,3884,3895
2017-08-14,3902,3941,3859,3918
2017-08-15,3890,3915,3852,3861
2017-08-16,3848,3859,3818,3827
2017-08-17,3829,3935,3823,3918
2017-08-18,3916,3928,3886,3917
2017-08-21,3939,3955,3866,3892
2017-08-22,3901,3919,3883,3892
2017-08-23,3900,3913,3877,3892
2017-08-24,3902,3910,3890,3897
2017-08-25,3887,3897,3876,3884
2017-08-28,3892,3920,3831,3908
2017-08-29,3919,3955,3903,3949
2017-08-30,3954,3974,3920,3923
2017-08-31,3928,3935,3911,3919
2017-09-01,3918,3948,3915,3928
2017-09-04,3934,3997,3926,3988
2017-09-05,3986,3988,3972,3979
2017-09-06,3978,3995,3971,3980
2017-09-07,3987,3988,3955,3964
2017-09-08,3965,3989,3963,3974
2017-09-11,3980,3981,3927,3932
2017-09-12,3929,3944,3917,3926
2017-09-13,3926,3935,3922,3928
2017-09-14,3934,3934,3906,3912
2017-09-15,3905,3930,3902,3915
2017-09-18,3908,3923,3903,3903
2017-09-19,3894,3895,3840,3857
2017-09-20,3851,3870,3851,3863
2017-09-21,3868,3880,3811,3815
2017-09-22,3810,3819,3793,3816
2017-09-25,3807,3816,3803,3809
2017-09-26,3804,3878,3804,3860
2017-09-27,3843,3852,3824,3831
2017-09-28,3833,3834,3806,3818
2017-09-29,3823,3832,3817,3831
2017-10-09,3827,3872,3827,3857
2017-10-10,3860,3866,3850,3858
2017-10-11,3872,3874,3851,3853
2017-10-12,3855,3870,3845,3862
2017-10-13,3860,3879,3856,3870
2017-10-16,3865,3896,3862,3894
2017-10-17,3900,3902,3861,3869
2017-10-18,3867,3874,3860,3862
2017-10-19,3856,3862,3846,3856
2017-10-20,3860,3880,3851,3862
2017-10-23,3870,3870,3838,3838
2017-10-24,3838,3858,3829,3849
2017-10-25,3840,3846,3835,3835
2017-10-26,3836,3852,3834,3844
2017-10-27,3841,3850,3795,3797
2017-10-30,3792,3823,3782,3805
2017-10-31,3801,3818,3801,3814
2017-11-01,3811,3817,3790,3813
2017-11-02,3815,3848,3807,3840
2017-11-03,3833,3862,3833,3844
2017-11-06,3839,3866,3820,3825
2017-11-07,3827,3865,3826,3855
2017-11-08,3845,3863,3842,3850
2017-11-09,3854,3866,3851,3857
2017-11-10,3862,3869,3847,3853
2017-11-13,3851,3864,3832,3841
2017-11-14,3842,3855,3834,3845
2017-11-15,3839,3855,3835,3851
2017-11-16,3854,3860,3839,3841
2017-11-17,3848,3854,3844,3848
2017-11-20,3852,3879,3842,3864
2017-11-21,3863,3870,3838,3847
2017-11-22,3847,3854,3842,3846
2017-11-23,3847,3856,3845,3846
2017-11-24,3848,3856,3844,3848
2017-11-27,3844,3853,3839,3845
2017-11-28,3850,3865,3843,3847
2017-11-29,3850,3854,3815,3826
2017-11-30,3821,3826,3743,3753
2017-12-01,3746,3753,3720,3729
2017-12-04,3725,3749,3684,3718
2017-12-05,3715,3727,3709,3713
2017-12-06,3713,3715,3663,3670
2017-12-07,3668,3671,3617,3620
2017-12-08,3615,3617,3580,3597
2017-12-11,3598,3625,3577,3616
2017-12-12,3617,3620,3602,3605
2017-12-13,3608,3612,3588,3601
2017-12-14,3598,3685,3595,3675
2017-12-15,3676,3681,3651,3661
2017-12-18,3671,3688,3665,3677
2017-12-19,3687,3692,3671,3685
2017-12-20,3688,3693,3673,3681
2017-12-21,3686,3690,3677,3679
2017-12-22,3678,3688,3666,3677
2017-12-25,3677,3729,3677,3721
2017-12-26,3721,3728,3716,3726
2017-12-27,3728,3745,3723,3740
2017-12-28,3745,3783,3742,3776
2017-12-29,3777,3780,3753,3760
2018-01-02,3789,3793,3777,3786
2018-01-03,3788,3813,3784,3787
2018-01-04,3792,3800,3760,3774
2018-01-05,3781,3797,3766,3783
2018-01-08,3780,3803,3772,3787
2018-01-09,3785,3796,3778,3791
2018-01-10,3785,3790,3773,3779
2018-01-11,3798,3806,3786,3791
2018-01-12,3794,3801,3775,3799
2018-01-15,3798,3843,3788,3837
2018-01-16,3836,3842,3819,3823
2018-01-17,3795,3815,3790,3791
2018-01-18,3798,3799,3756,3757
2018-01-19,3767,3771,3744,3749
2018-01-22,3752,3763,3746,3748
2018-01-23,3752,3762,3747,3760
2018-01-24,3754,3757,3724,3756
2018-01-25,3773,3838,3765,3818
2018-01-26,3812,3827,3790,3802
2018-01-29,3793,3803,3785,3786
2018-01-30,3781,3785,3733,3739
2018-01-31,3755,3764,3736,3745
2018-02-01,3743,3759,3741,3745
2018-02-02,3741,3750,3731,3739
2018-02-05,3731,3741,3638,3649
2018-02-06,3665,3714,3644,3684
2018-02-07,3678,3680,3638,3650
2018-02-08,3643,3645,3572,3601
2018-02-09,3593,3631,3585,3609
2018-02-12,3598,3619,3581,3610
2018-02-13,3612,3640,3603,3627
2018-02-14,3630,3639,3609,3636
2018-02-22,3608,3614,3593,3600
2018-02-23,3602,3632,3602,3621
2018-02-26,3625,3665,3618,3656
2018-02-27,3650,3660,3638,3649
2018-02-28,3644,3647,3603,3613
2018-03-01,3616,3627,3602,3610
2018-03-02,3603,3627,3586,3618
2018-03-05,3621,3643,3618,3633
2018-03-06,3628,3633,3616,3624
2018-03-07,3644,3670,3636,3649
2018-03-08,3645,3649,3625,3638
2018-03-09,3627,3642,3616,3621
2018-03-12,3620,3654,3606,3630
2018-03-13,3617,3632,3617,3622
2018-03-14,3624,3643,3620,3633
2018-03-15,3633,3639,3625,3627
2018-03-16,3623,3630,3604,3611
2018-03-19,3616,3617,3578,3585
2018-03-20,3582,3598,3581,3589
2018-03-21,3585,3587,3571,3585
2018-03-22,3584,3646,3581,3633
2018-03-23,3630,3646,3618,3640
2018-03-26,3638,3657,3635,3638
2018-03-27,3646,3653,3636,3646
2018-03-28,3635,3639,3605,3608
2018-03-29,3604,3605,3582,3587
2018-03-30,3588,3598,3581,3591
2018-04-02,3589,3611,3588,3603
2018-04-03,3613,3628,3610,3615
2018-04-04,3617,3622,3596,3606
2018-04-09,3608,3616,3603,3608
2018-04-10,3607,3624,3606,3616
2018-04-11,3622,3637,3619,3634
2018-04-12,3636,3665,3635,3646
2018-04-13,3640,3640,3620,3626
2018-04-16,3622,3654,3618,3631
2018-04-17,3635,3651,3634,3646
2018-04-18,3639,3660,3633,3654
2018-04-19,3686,3735,3676,3734
2018-04-20,3732,3743,3714,3721
2018-04-23,3717,3730,3699,3705
2018-04-24,3696,3697,3656,3665
2018-04-25,3663,3674,3653,3658
2018-04-26,3645,3657,3640,3651
2018-04-27,3647,3657,3632,3644
2018-05-02,3594,3614,3594,3609
2018-05-03,3611,3630,3603,3615
2018-05-04,3636,3637,3617,3621
2018-05-07,3621,3640,3617,3632
2018-05-08,3628,3636,3625,3633
2018-05-09,3632,3642,3616,3622
2018-05-10,3632,3644,3628,3636
2018-05-11,3647,3658,3641,3654
2018-05-14,3663,3669,3652,3656
2018-05-15,3651,3655,3620,3624
2018-05-16,3614,3617,3590,3603
2018-05-17,3592,3614,3582,3598
2018-05-18,3604,3620,3604,3614
2018-05-21,3613,3624,3595,3598
2018-05-22,3607,3621,3605,3620
2018-05-23,3630,3639,3623,3630
2018-05-24,3633,3633,3610,3630
2018-05-25,3630,3647,3629,3644
2018-05-28,3645,3654,3624,3626
2018-05-29,3628,3636,3624,3628
2018-05-30,3632,3635,3622,3627
2018-05-31,3632,3647,3630,3647
2018-06-01,3647,3649,3633,3636
2018-06-04,3630,3643,3626,3636
2018-06-05,3638,3640,3625,3627
2018-06-06,3628,3644,3627,3642
2018-06-07,3641,3657,3638,3656
2018-06-08,3661,3685,3654,3657
2018-06-11,3664,3719,3662,3696
2018-06-12,3693,3712,3693,3699
2018-06-13,3698,3711,3689,3695
2018-06-14,3699,3755,3699,3745
2018-06-15,3749,3792,3742,3761
2018-06-19,3670,3671,3645,3653
2018-06-20,3633,3650,3631,3642
2018-06-21,3640,3648,3633,3638
2018-06-22,3642,3666,3639,3663
2018-06-25,3666,3677,3658,3663
2018-06-26,3673,3674,3663,3665
2018-06-27,3649,3673,3649,3666
2018-06-28,3671,3672,3652,3654
2018-06-29,3658,3664,3646,3657
2018-07-02,3659,3668,3651,3654
2018-07-03,3659,3665,3642,3657
2018-07-04,3656,3678,3650,3667
2018-07-05,3661,3667,3656,3661
2018-07-06,3657,3669,3656,3662
2018-07-09,3660,3676,3660,3670
2018-07-10,3677,3679,3660,3664
2018-07-11,3655,3669,3653,3656
2018-07-12,3655,3663,3642,3646
2018-07-13,3648,3661,3646,3648
2018-07-16,3643,3653,3626,3643
2018-07-17,3639,3645,3628,3639
2018-07-18,3633,3638,3585,3591
2018-07-19,3589,3611,3584,3594
2018-07-20,3582,3609,3576,3599
2018-07-23,3602,3624,3601,3617
2018-07-24,3623,3626,3611,3618
2018-07-25,3629,3634,3622,3625
2018-07-26,3633,3634,3624,3629
2018-07-27,3628,3633,3615,3616
2018-07-30,3619,3632,3615,3622
2018-07-31,3629,3634,3626,3629
2018-08-01,3628,3635,3617,3625
2018-08-02,3624,3628,3615,3619
2018-08-03,3622,3627,3612,3615
2018-08-06,3625,3648,3619,3623
2018-08-07,3620,3629,3615,3624
2018-08-08,3628,3630,3614,3620
2018-08-09,3615,3625,3612,3618
2018-08-10,3623,3628,3615,3616
2018-08-13,3624,3628,3614,3615
2018-08-14,3612,3616,3578,3582
2018-08-15,3584,3588,3556,3556
2018-08-16,3550,3555,3444,3479
2018-08-17,3485,3518,3468,3480
2018-08-20,3481,3511,3479,3507
2018-08-21,3502,3514,3491,3508
2018-08-22,3505,3511,3497,3499
2018-08-23,3514,3523,3495,3495
2018-08-24,3497,3507,3487,3494
2018-08-27,3500,3518,3494,3506
2018-08-28,3508,3522,3507,3517
2018-08-29,3521,3526,3492,3496
2018-08-30,3496,3508,3488,3499
2018-08-31,3493,3501,3468,3489
2018-09-03,3484,3487,3448,3456
2018-09-04,3454,3464,3422,3428
2018-09-05,3408,3413,3365,3370
2018-09-06,3373,3395,3370,3387
2018-09-07,3399,3413,3383,3392
2018-09-10,3399,3409,3383,3396
2018-09-11,3399,3406,3395,3405
2018-09-12,3396,3398,3368,3391
2018-09-13,3388,3411,3381,3402
2018-09-14,3405,3423,3400,3413
2018-09-17,3408,3417,3392,3401
2018-09-18,3410,3415,3405,3411
2018-09-19,3421,3427,3411,3426
2018-09-20,3420,3465,3420,3457
2018-09-21,3462,3517,3462,3517
2018-09-25,3493,3503,3476,3481
2018-09-26,3489,3504,3483,3492
2018-09-27,3488,3512,3482,3500
2018-09-28,3495,3498,3463,3477
2018-10-08,3528,3528,3502,3505
2018-10-09,3509,3510,3491,3500
2018-10-10,3491,3499,3485,3494
2018-10-11,3490,3500,3483,3499
2018-10-12,3506,3528,3501,3517
2018-10-15,3526,3556,3520,3552
2018-10-16,3559,3573,3539,3547
2018-10-17,3567,3570,3532,3541
2018-10-18,3546,3555,3511,3521
2018-10-19,3525,3553,3521,3541
2018-10-22,3550,3557,3543,3553
2018-10-23,3545,3573,3539,3566
2018-10-24,3580,3597,3576,3586
2018-10-25,3583,3605,3573,3587
2018-10-26,3591,3597,3574,3581
2018-10-29,3581,3599,3574,3577
2018-10-30,3580,3591,3543,3545
2018-10-31,3540,3550,3525,3531
2018-11-01,3527,3530,3504,3523
2018-11-02,3530,3566,3529,3556
2018-11-05,3566,3580,3542,3567
2018-11-06,3571,3571,3554,3562
2018-11-07,3568,3571,3542,3557
2018-11-08,3565,3565,3543,3548
2018-11-09,3543,3551,3524,3531
2018-11-12,3525,3530,3495,3501
2018-11-13,3497,3500,3484,3490
2018-11-14,3481,3496,3470,3475
2018-11-15,3470,3506,3464,3504
2018-11-16,3497,3519,3491,3514
2018-11-19,3515,3529,3509,3519
2018-11-20,3522,3527,3516,3525
2018-11-21,3527,3537,3497,3514
2018-11-22,3520,3534,3515,3526
2018-11-23,3531,3531,3510,3511
2018-11-26,3506,3509,3495,3507
2018-11-27,3505,3508,3482,3482
2018-11-28,3491,3497,3471,3476
2018-11-29,3481,3512,3471,3505
2018-11-30,3501,3509,3497,3498
2018-12-03,3494,3503,3472,3501
2018-12-04,3500,3513,3497,3503
2018-12-05,3510,3518,3499,3500
2018-12-06,3505,3511,3500,3501